ID,AIRLINE_ID,MODEL,FUEL,NUMBER_OF_TOTAL_SEATS,NUMBER_OF_USED_SEATS,AMOUNT_OF_FUEL
1,2,Airbus A330,1.45,550,155,30942
2,3,Boeing 777,0.63,750,229,20047
3,6,Embraer E-Jet Family,1.14,700,324,32807
4,2,Boeing 747,1.19,600,474,16597
5,1,Antonov An-24/26,1.37,800,493,36624
6,8,Boeing 747,0.93,650,268,27060
7,3,Embraer E-Jet Family,1.15,700,135,49036
8,1,CRJ Series,1.07,500,110,22723
9,4,CRJ Series,1.23,750,274,27723
10,6,Boeing 737,1.32,500,434,49542
11,3,Boeing 737,1.2,650,346,40155
12,1,Boeing 747,0.58,750,269,26235
13,7,Airbus A330,0.81,500,235,17513
14,4,Antonov An-24/26,0.57,600,471,18053
15,6,Airbus A320 Family,1,700,316,37798
16,5,Boeing 737,0.74,750,183,47733
17,8,Boeing 747,0.57,500,294,42323
18,4,CRJ Series,0.79,700,116,48498
19,8,Antonov An-24/26,1.33,550,131,18207
20,2,Boeing 727,1.38,700,305,45349
21,4,Boeing 737,1.11,500,389,42171
22,3,Boeing 737,0.57,600,223,47198
23,7,Boeing 747,0.93,550,103,24652
24,1,Boeing 727,0.66,700,412,24137
25,2,CRJ Series,1.45,650,458,26352
26,7,Boeing 777,0.94,800,259,42580
27,1,Airbus A320 Family,0.86,700,194,35473
28,6,Boeing 777,0.62,500,425,16844
29,3,Embraer E-Jet Family,1.07,550,322,19626
30,2,Airbus A330,1.42,700,328,45855
31,3,CRJ Series,1.08,500,391,22919
32,3,Airbus A320 Family,0.82,550,456,15628
33,1,Boeing 727,0.65,800,168,18327
34,8,Douglas DC-3,0.96,650,495,44808
35,8,Douglas DC-3,0.93,500,363,42759
36,5,Boeing 737,0.85,750,337,15138
37,4,Boeing 737,0.52,750,383,39808
38,7,Antonov An-24/26,1.32,700,426,22599
39,4,Airbus A330,0.71,800,356,22206
40,3,CRJ Series,1.11,500,175,39017
41,4,Airbus A330,1.38,800,163,44822
42,7,Antonov An-24/26,1.47,650,255,30492
43,1,Boeing 747,0.52,500,303,21572
44,6,Douglas DC-3,0.96,600,229,19968
45,4,Boeing 777,0.97,750,188,17570
46,1,Boeing 777,0.88,550,426,35209
47,4,Airbus A330,0.97,600,491,42879
48,2,Douglas DC-3,1.49,500,278,46698
49,4,Embraer E-Jet Family,1.27,650,475,30420
50,7,Boeing 737,0.64,650,337,36669
51,2,Boeing 727,0.61,650,127,23888
52,1,Douglas DC-3,1.28,600,108,36700
53,8,Douglas DC-3,1.5,700,335,27982
54,3,Boeing 737,0.63,500,297,32613
55,2,Airbus A330,0.91,500,412,34961
56,3,Boeing 727,0.9,750,469,37274
57,6,Airbus A330,0.59,750,182,42033
58,5,CRJ Series,1.07,750,182,43163
59,1,Embraer E-Jet Family,1.03,500,478,26894
60,2,Boeing 777,0.8,750,102,48984
61,6,Boeing 777,1.33,550,290,16880
62,8,Douglas DC-3,1.17,750,213,27511
63,4,Airbus A330,0.78,800,326,48309
64,8,Boeing 737,0.73,550,148,44923
65,4,Embraer E-Jet Family,0.6,500,301,28733
66,5,Airbus A320 Family,0.8,550,127,41264
67,6,Boeing 747,0.9,750,287,48593
68,6,Douglas DC-3,1.34,500,202,41760
69,1,Airbus A330,0.67,700,200,42144
70,1,Douglas DC-3,1.13,800,227,24117
71,6,Boeing 747,1.13,600,342,35754
72,8,Airbus A320 Family,1.12,500,236,21606
73,1,Boeing 727,1.04,600,142,25934
74,7,Antonov An-24/26,1.15,800,328,25659
75,4,Boeing 727,0.54,700,293,27405
76,7,Airbus A320 Family,1.12,550,362,17024
77,8,Boeing 777,1.49,550,200,22728
78,1,Boeing 777,1.31,600,313,16016
79,8,Airbus A320 Family,0.75,550,152,47660
80,4,Douglas DC-3,1.08,800,142,47201
81,7,Airbus A330,0.88,750,456,35340
82,1,Douglas DC-3,0.8,500,146,38965
83,6,Antonov An-24/26,0.66,700,313,42037
84,3,Boeing 777,1.48,750,154,45844
85,4,Antonov An-24/26,0.89,800,235,26087
86,2,Embraer E-Jet Family,0.71,550,431,24504
87,5,Douglas DC-3,0.82,750,188,43366
88,6,CRJ Series,0.96,550,273,34528
89,8,Airbus A330,1.42,600,432,35423
90,7,Antonov An-24/26,1.2,600,364,35537
91,7,Antonov An-24/26,1.14,500,250,22698
92,2,Douglas DC-3,0.55,550,102,20769
93,4,Boeing 727,1.14,550,478,27389
94,5,Boeing 777,1.38,700,246,33205
95,1,Boeing 737,1.06,700,125,31485
96,6,Antonov An-24/26,1.25,750,342,21540
97,2,CRJ Series,1.12,650,371,49188
98,1,Boeing 727,0.55,800,439,32691
99,3,CRJ Series,1.42,500,280,20208
100,5,Airbus A320 Family,0.77,700,491,15947
101,5,Airbus A320 Family,1.39,600,399,29840
102,3,Boeing 747,0.91,650,406,21651
103,6,Boeing 737,0.67,550,354,49699
104,7,Embraer E-Jet Family,0.54,800,113,39518
105,4,Boeing 747,1.35,650,465,49547
106,6,Antonov An-24/26,1.44,800,199,42162
107,4,Antonov An-24/26,1.01,700,494,34958
108,6,CRJ Series,0.63,500,405,22824
109,3,Embraer E-Jet Family,1.12,700,159,37213
110,3,Boeing 777,0.73,800,320,16344
111,5,Embraer E-Jet Family,0.89,600,300,43286
112,6,Boeing 777,1.4,650,329,24452
113,7,Airbus A330,1.03,550,463,18830
114,7,Boeing 727,0.82,700,278,26160
115,8,Airbus A330,1.2,750,347,26319
116,4,CRJ Series,0.92,700,385,16310
117,8,Boeing 737,0.91,800,348,34864
118,2,Airbus A320 Family,1.2,800,162,42118
119,3,CRJ Series,0.84,750,347,49144
120,7,Airbus A320 Family,0.87,700,492,31048
121,5,Boeing 747,1.31,600,469,48249
122,6,Airbus A320 Family,1.33,550,332,17770
123,8,Embraer E-Jet Family,1.34,750,359,23665
124,6,Airbus A330,0.7,500,432,16637
125,3,Douglas DC-3,0.66,550,272,30299
126,2,Airbus A320 Family,0.95,550,321,35672
127,1,Antonov An-24/26,1.16,600,154,15766
128,2,Boeing 747,1.35,600,357,34283
129,7,Airbus A330,0.88,500,186,18011
130,5,Airbus A330,0.55,650,455,47587
131,5,Boeing 727,0.86,700,456,46707
132,5,Boeing 727,0.63,650,371,47149
133,4,Boeing 727,0.71,700,478,42810
134,6,Airbus A330,1.19,700,355,36105
135,1,Airbus A330,0.64,600,300,24877
136,2,Embraer E-Jet Family,1.28,550,268,27876
137,1,CRJ Series,0.83,800,156,28446
138,2,Boeing 747,0.66,700,184,47060
139,2,Douglas DC-3,0.66,500,128,47648
140,3,Boeing 747,1.45,800,411,32196
141,7,Boeing 747,0.6,750,364,34884
142,1,Antonov An-24/26,1.08,750,483,35201
143,1,Airbus A330,0.95,650,162,26988
144,5,Boeing 727,0.77,500,104,16018
145,3,Airbus A330,0.52,800,302,15890
146,4,Antonov An-24/26,1.12,550,494,46299
147,2,Boeing 777,0.67,750,278,46151
148,3,Douglas DC-3,0.96,650,315,32783
149,3,Airbus A320 Family,0.99,800,307,33933
150,1,Boeing 737,0.67,550,250,33161
151,7,Airbus A330,1.4,550,490,29183
152,2,Airbus A330,1.29,750,345,42684
153,4,Boeing 727,1.09,650,380,31193
154,2,Boeing 727,1.14,800,371,18772
155,4,Airbus A320 Family,1,600,372,21237
156,7,Boeing 777,1.02,750,210,46778
157,8,Boeing 747,0.54,600,458,27377
158,1,Airbus A320 Family,1.27,550,191,20489
159,2,Airbus A320 Family,0.67,550,373,30566
160,5,Airbus A320 Family,0.95,600,367,31859
161,6,Airbus A320 Family,0.67,550,163,22392
162,3,Boeing 737,1.22,750,295,19580
163,4,Boeing 737,0.51,600,143,27276
164,7,Airbus A330,1.31,800,265,39065
165,5,Airbus A320 Family,1.15,650,465,39125
166,5,Boeing 777,0.62,800,194,33162
167,7,Boeing 747,1.05,650,242,15070
168,2,CRJ Series,0.77,500,404,31955
169,6,Antonov An-24/26,1.31,650,326,21958
170,7,Embraer E-Jet Family,1.33,800,440,25797
171,2,Airbus A320 Family,1.32,550,364,29776
172,4,Embraer E-Jet Family,1.45,700,115,31305
173,3,Boeing 747,0.93,500,307,34462
174,3,Airbus A330,1.45,800,135,43458
175,5,Airbus A320 Family,0.72,650,369,28085
176,3,Boeing 747,0.76,500,195,25955
177,5,Airbus A320 Family,1.12,600,178,22817
178,3,CRJ Series,1.16,700,365,18000
179,4,Antonov An-24/26,1.14,600,497,15619
180,8,Boeing 737,0.86,600,229,30881
181,3,Boeing 777,1.48,700,458,44306
182,2,Antonov An-24/26,0.5,550,160,47782
183,3,Boeing 747,1.16,550,114,17893
184,5,CRJ Series,0.68,700,295,47066
185,4,Douglas DC-3,1.13,750,466,39701
186,4,CRJ Series,0.77,600,377,45912
187,1,Boeing 727,0.58,650,209,29985
188,2,Antonov An-24/26,1.46,750,477,22227
189,6,Boeing 777,0.72,700,190,41760
190,4,Boeing 747,0.68,500,174,41535
191,6,Boeing 747,0.93,650,323,41665
192,1,Boeing 727,1.3,800,430,15251
193,1,CRJ Series,1.31,700,488,29338
194,5,Airbus A320 Family,0.69,600,107,21751
195,1,Airbus A330,1.26,500,210,38625
196,2,CRJ Series,0.6,550,303,24579
197,4,Boeing 737,1.44,700,221,32297
198,2,Boeing 737,1.01,700,485,27661
199,1,Boeing 737,1.41,800,253,43892
200,2,Boeing 737,0.6,550,199,25926
201,7,Airbus A330,1.31,650,332,35058
202,4,Boeing 737,0.77,800,496,22507
203,5,Boeing 737,0.88,600,192,49807
204,3,Boeing 777,1.37,700,256,25230
205,1,Boeing 747,1.46,750,408,37482
206,4,Antonov An-24/26,0.66,500,307,48647
207,4,Antonov An-24/26,0.76,800,439,49683
208,5,CRJ Series,0.95,750,194,16411
209,6,Boeing 747,1.25,550,112,37346
210,5,Douglas DC-3,1.01,650,172,25874
211,5,Airbus A330,0.84,700,201,22914
212,6,Douglas DC-3,0.61,650,313,15024
213,8,Antonov An-24/26,1.33,750,454,16490
214,6,Airbus A320 Family,0.98,600,316,20499
215,1,Boeing 747,0.68,750,324,33970
216,7,CRJ Series,1.28,550,449,20546
217,1,Boeing 747,0.66,650,308,38314
218,8,Airbus A330,0.79,550,371,46704
219,7,Airbus A330,1.09,750,467,49931
220,7,CRJ Series,1.42,550,100,41250
221,7,Boeing 727,0.76,650,344,16197
222,3,Boeing 737,1.3,700,126,37773
223,7,Douglas DC-3,1.3,650,153,25637
224,5,CRJ Series,1.49,550,250,34548
225,2,Antonov An-24/26,1.12,500,309,46757
226,4,Airbus A320 Family,1.09,600,225,27934
227,3,Embraer E-Jet Family,1.21,550,364,16075
228,2,Airbus A330,0.87,550,136,29611
229,1,Boeing 777,0.69,550,373,34680
230,5,Boeing 747,1.32,800,159,23001
231,2,Boeing 777,1.31,650,250,16340
232,7,Boeing 777,0.61,700,199,24261
233,3,Boeing 747,0.97,700,414,31988
234,3,Airbus A330,1.06,500,387,47561
235,4,Airbus A330,0.91,700,212,29540
236,6,Boeing 727,1.25,750,480,47076
237,8,Boeing 727,1.02,750,390,32460
238,6,Boeing 747,1.07,650,469,49832
239,7,Douglas DC-3,0.66,500,442,48903
240,6,Airbus A330,0.61,700,289,16025
241,5,Boeing 737,1.44,650,352,24286
242,3,CRJ Series,1.07,800,382,17690
243,1,Boeing 777,0.79,550,315,47685
244,7,Boeing 727,0.61,500,119,27882
245,1,Airbus A330,1.41,700,245,33701
246,1,Boeing 727,1.06,500,479,36782
247,5,Douglas DC-3,0.79,550,339,49827
248,2,Boeing 747,1.11,700,226,38319
249,1,Boeing 747,0.55,700,463,32114
250,5,Airbus A320 Family,0.76,750,116,36838
251,2,Embraer E-Jet Family,1.24,700,430,27172
252,6,Boeing 777,1.37,750,151,37649
253,4,CRJ Series,1.12,500,344,38610
254,4,CRJ Series,0.84,750,225,19181
255,5,Antonov An-24/26,0.89,500,499,32520
256,4,Airbus A330,1.03,800,411,37998
257,5,Boeing 737,1.2,800,419,45777
258,6,Airbus A320 Family,0.64,500,174,40915
259,2,Boeing 747,1.4,550,449,26773
260,4,CRJ Series,0.84,500,178,18745
261,2,Boeing 727,1.21,800,260,22303
262,6,Boeing 737,1.26,750,203,34297
263,8,Boeing 737,1.32,750,305,25139
264,3,Airbus A330,1.47,650,421,24616
265,4,CRJ Series,1.5,600,116,46566
266,3,CRJ Series,0.89,650,467,44402
267,2,Boeing 777,0.82,650,373,20833
268,7,Airbus A320 Family,1.33,800,252,44888
269,3,Embraer E-Jet Family,0.93,550,186,25398
270,3,Boeing 747,1.42,700,304,36240
271,1,Airbus A320 Family,1.17,800,500,21675
272,7,Boeing 747,1.03,550,184,46453
273,7,Antonov An-24/26,0.82,800,371,28893
274,7,Boeing 777,1.38,600,434,45017
275,3,Antonov An-24/26,1.32,750,273,47206
276,1,Boeing 727,1.4,500,133,29056
277,5,Antonov An-24/26,0.83,800,417,32003
278,2,Airbus A330,0.56,700,217,46620
279,7,Antonov An-24/26,0.68,800,446,45431
280,6,Antonov An-24/26,1.09,600,121,39495
281,2,Boeing 777,0.65,750,115,32451
282,1,Boeing 737,0.58,700,384,29974
283,5,Embraer E-Jet Family,0.77,600,232,15396
284,6,Douglas DC-3,1.25,700,193,22107
285,5,Airbus A320 Family,1.26,750,224,15022
286,2,CRJ Series,1.36,600,432,43714
287,5,CRJ Series,0.57,500,324,29896
288,7,Embraer E-Jet Family,0.77,600,262,37491
289,7,Boeing 747,0.8,650,103,45038
290,8,Embraer E-Jet Family,1.43,750,461,48692
291,2,Boeing 737,0.96,700,217,46904
292,4,Boeing 777,0.53,700,197,28642
293,5,Boeing 737,1.26,500,164,32598
294,3,Douglas DC-3,0.7,600,403,23440
295,3,Antonov An-24/26,0.87,750,256,29547
296,5,Boeing 777,0.78,650,393,24116
297,4,Airbus A330,1.02,500,256,19842
298,5,Embraer E-Jet Family,1.08,650,266,31962
299,8,CRJ Series,1.33,600,182,15326
300,8,Boeing 777,0.71,600,100,17160
301,2,Boeing 747,0.54,600,295,35463
302,7,Airbus A320 Family,0.91,550,112,48185
303,1,Boeing 777,1.08,500,192,37544
304,6,Boeing 747,1.35,600,472,16741
305,6,Antonov An-24/26,1.08,700,192,38021
306,6,Boeing 727,1.2,500,135,37295
307,4,Boeing 777,0.79,700,325,32428
308,8,Antonov An-24/26,0.93,750,300,21476
309,5,CRJ Series,1.46,600,110,41438
310,3,Boeing 747,0.88,800,393,29713
311,5,Boeing 747,0.79,700,132,24581
312,7,CRJ Series,0.62,500,374,42809
313,7,Antonov An-24/26,1.37,650,247,41558
314,2,Douglas DC-3,1.34,750,420,27495
315,5,CRJ Series,1.44,500,162,17585
316,8,CRJ Series,1.42,700,133,48381
317,8,Airbus A320 Family,0.79,750,198,43393
318,5,Embraer E-Jet Family,1.12,800,327,17770
319,2,CRJ Series,0.64,550,414,16462
320,8,Embraer E-Jet Family,0.94,550,493,30073
321,7,CRJ Series,1,700,484,18563
322,8,Boeing 727,1.2,600,261,30380
323,8,CRJ Series,0.67,550,485,33087
324,6,CRJ Series,0.64,650,396,21220
325,4,Boeing 747,0.94,500,359,35376
326,4,Boeing 727,1.02,650,182,32555
327,4,Boeing 727,1.06,650,205,17221
328,3,Boeing 747,1.37,550,288,24437
329,5,CRJ Series,1.43,800,366,45570
330,5,Boeing 737,1.16,650,416,41222
331,4,Boeing 737,1.28,550,314,16054
332,2,Douglas DC-3,1.07,600,138,44787
333,4,Airbus A330,0.63,550,171,30282
334,3,Embraer E-Jet Family,0.63,750,492,43104
335,4,Airbus A330,1.15,800,106,25947
336,2,CRJ Series,1.18,650,190,29637
337,2,Douglas DC-3,0.76,500,325,48776
338,3,Boeing 727,1.18,800,172,18477
339,8,Airbus A330,1.1,500,490,48464
340,4,CRJ Series,0.66,650,175,15727
341,6,Boeing 737,0.93,650,295,39700
342,2,Boeing 727,1.42,650,215,43735
343,8,Boeing 777,1.02,800,354,36640
344,6,Douglas DC-3,1.46,550,304,23516
345,4,Airbus A330,0.69,650,446,31891
346,8,Boeing 747,0.67,500,180,26701
347,8,Boeing 737,1.16,800,409,22121
348,4,Antonov An-24/26,1.04,750,483,29145
349,4,Boeing 777,1.02,550,493,19301
350,1,Antonov An-24/26,0.52,650,233,37507
351,7,Embraer E-Jet Family,1.2,500,343,42657
352,5,CRJ Series,1.3,500,235,45880
353,7,Boeing 777,1.34,500,190,15373
354,8,Boeing 737,0.55,800,437,27069
355,4,Douglas DC-3,0.85,700,102,22405
356,6,Douglas DC-3,0.93,750,492,48797
357,2,Douglas DC-3,1.03,800,435,33312
358,5,Boeing 737,0.55,800,103,44340
359,1,Boeing 777,1.33,650,352,40225
360,7,Boeing 737,0.6,600,401,44061
361,2,Boeing 737,0.59,700,185,21577
362,7,Boeing 737,0.72,650,191,46838
363,2,Boeing 747,1.21,650,115,26018
364,4,Embraer E-Jet Family,1.34,650,118,20554
365,3,Antonov An-24/26,1.14,800,340,24609
366,6,Boeing 747,1.16,700,436,22813
367,5,Boeing 777,0.76,700,107,31788
368,1,CRJ Series,1.08,800,311,49009
369,3,Airbus A320 Family,0.55,650,268,45980
370,3,Antonov An-24/26,0.92,550,361,27506
371,2,Boeing 747,0.86,700,160,48222
372,5,Boeing 727,0.89,700,283,26437
373,1,CRJ Series,1.27,600,385,25532
374,7,Douglas DC-3,1.01,650,396,24200
375,7,Douglas DC-3,1.38,650,281,20825
376,8,Embraer E-Jet Family,0.73,650,312,42505
377,7,Airbus A330,0.66,700,448,21548
378,2,Boeing 737,1.23,600,477,19242
379,4,Boeing 747,0.6,550,337,34704
380,2,Douglas DC-3,1.21,550,345,25703
381,5,Airbus A330,0.84,500,265,23327
382,6,Airbus A320 Family,0.85,800,444,49357
383,3,Boeing 727,1.21,700,145,44927
384,3,Douglas DC-3,1.33,800,455,21227
385,6,Antonov An-24/26,1.23,650,128,49925
386,4,CRJ Series,1.46,700,444,23733
387,1,CRJ Series,1.28,750,133,48794
388,8,Airbus A330,1.41,550,153,45241
389,8,Boeing 747,0.78,500,440,36256
390,1,Embraer E-Jet Family,0.68,500,124,30552
391,3,Airbus A330,1.14,600,498,15522
392,4,Airbus A330,0.84,500,394,27462
393,5,Boeing 777,0.53,500,404,42340
394,2,Embraer E-Jet Family,1.24,600,152,23091
395,5,Boeing 727,0.95,750,294,49908
396,2,Embraer E-Jet Family,1.22,650,138,40874
397,6,Airbus A320 Family,0.89,500,278,38028
398,3,Airbus A330,0.73,500,242,43621
399,4,Airbus A320 Family,1.34,800,275,48305
400,1,Antonov An-24/26,0.66,750,335,48668
401,3,CRJ Series,0.96,500,314,42542
402,8,Boeing 747,1.31,600,418,35687
403,2,Airbus A330,1.16,500,173,42232
404,2,Antonov An-24/26,0.69,800,343,30686
405,5,Douglas DC-3,1.11,750,169,20891
406,5,Boeing 777,0.84,750,162,16147
407,8,Embraer E-Jet Family,1.05,600,377,21198
408,1,Airbus A320 Family,0.58,750,108,15143
409,5,Embraer E-Jet Family,1.2,500,362,47094
410,7,Antonov An-24/26,1.03,500,386,21896
411,4,Antonov An-24/26,1.16,600,360,20926
412,6,Antonov An-24/26,0.75,800,399,44367
413,2,Airbus A330,0.89,800,222,17103
414,8,CRJ Series,0.74,500,312,46896
415,3,Airbus A320 Family,1.16,800,191,25414
416,4,CRJ Series,0.53,650,434,40296
417,3,Antonov An-24/26,1.45,700,194,39871
418,1,Airbus A330,1.06,550,208,23879
419,7,Airbus A320 Family,1.01,650,258,27443
420,5,Airbus A330,1.46,550,324,36027
421,5,Airbus A330,1.28,700,223,42406
422,8,Boeing 747,1.35,700,249,39744
423,7,Boeing 737,1.25,600,130,40164
424,3,Boeing 777,0.99,550,324,17106
425,5,Embraer E-Jet Family,1.19,750,423,26868
426,3,Boeing 747,1.03,750,218,18873
427,4,Boeing 727,1,650,235,43174
428,1,Douglas DC-3,1.36,650,398,26471
429,2,Boeing 737,1.31,700,308,19687
430,1,Antonov An-24/26,1.44,600,257,16974
431,7,Embraer E-Jet Family,0.79,550,396,28940
432,1,Embraer E-Jet Family,1.4,800,473,31091
433,3,Airbus A330,0.69,800,265,44100
434,4,Airbus A320 Family,0.76,700,351,32544
435,7,Boeing 737,0.86,650,187,19270
436,6,Boeing 737,1.14,600,261,28287
437,8,Airbus A320 Family,0.55,750,158,38338
438,8,Airbus A320 Family,0.72,800,336,30863
439,8,CRJ Series,1.26,700,348,44997
440,1,Boeing 777,1.48,800,438,18043
441,4,Boeing 777,1.11,800,419,49647
442,6,Airbus A330,0.9,700,102,23435
443,7,Douglas DC-3,1.5,650,439,18160
444,2,Boeing 727,0.55,700,464,37315
445,6,Airbus A320 Family,1.41,600,361,36881
446,3,Boeing 777,1.35,500,298,43973
447,7,Boeing 737,1.15,550,398,44416
448,4,Antonov An-24/26,0.79,650,424,17623
449,7,Boeing 777,1.36,700,215,35623
450,4,Embraer E-Jet Family,1.44,800,111,16440
451,8,Boeing 747,1.21,800,115,25478
452,5,Boeing 727,1.44,600,275,43255
453,3,Boeing 737,1.28,550,170,19010
454,2,Boeing 727,0.73,800,485,41879
455,8,Airbus A330,0.76,700,103,41167
456,2,Boeing 747,1.32,800,488,24183
457,6,Airbus A320 Family,0.6,650,131,48887
458,6,Boeing 727,1.47,650,348,29422
459,8,Embraer E-Jet Family,0.5,550,424,17506
460,3,Antonov An-24/26,0.71,700,205,44215
461,8,CRJ Series,0.67,600,132,32426
462,7,Embraer E-Jet Family,0.83,600,357,28061
463,6,Embraer E-Jet Family,0.53,600,421,33458
464,8,Boeing 777,1.46,550,213,27008
465,1,Douglas DC-3,0.94,600,155,37864
466,8,Boeing 777,0.81,650,450,42265
467,6,Boeing 727,0.86,650,195,23525
468,5,Boeing 747,0.91,500,120,47666
469,7,Boeing 737,1.25,500,272,48520
470,6,Boeing 747,1.24,650,387,32468
471,7,Airbus A330,0.68,500,422,17708
472,5,Boeing 727,0.68,750,344,18430
473,4,Airbus A320 Family,1.28,800,309,18477
474,6,Airbus A330,1.43,700,158,45343
475,5,Boeing 777,1.34,800,475,29353
476,7,Embraer E-Jet Family,0.97,800,465,30635
477,2,CRJ Series,0.86,500,136,46286
478,7,Airbus A320 Family,0.87,550,409,45732
479,4,CRJ Series,0.69,700,367,45274
480,3,Airbus A320 Family,1.33,550,168,43983
481,1,Airbus A330,1.5,750,283,35237
482,1,Douglas DC-3,0.94,750,370,43624
483,8,Boeing 737,0.84,750,151,31574
484,7,Boeing 737,0.74,550,366,30405
485,1,Embraer E-Jet Family,0.53,750,277,35625
486,1,Douglas DC-3,1.09,550,216,22061
487,2,Airbus A320 Family,0.91,600,188,29240
488,2,Boeing 737,0.93,700,378,18773
489,8,Embraer E-Jet Family,1.33,500,313,17725
490,8,Douglas DC-3,1.11,700,285,40459
491,1,Antonov An-24/26,0.97,800,440,33214
492,5,Boeing 777,1.43,800,482,37237
493,6,CRJ Series,0.79,500,422,49332
494,7,Airbus A330,0.94,650,126,28422
495,1,Embraer E-Jet Family,0.88,700,312,36096
496,7,Douglas DC-3,1.35,650,442,22285
497,1,CRJ Series,0.7,750,346,18489
498,1,Antonov An-24/26,1.41,650,342,26396
499,4,Airbus A330,0.87,750,394,49152
500,2,Antonov An-24/26,0.75,800,227,26252
501,7,Antonov An-24/26,1.28,300,86,24420
502,3,Airbus A330,1.13,300,81,36198
503,2,Douglas DC-3,1.33,300,164,32777
504,7,Boeing 777,1.39,350,202,25974
505,2,Boeing 747,1.1,250,215,19864
506,5,Boeing 727,0.75,300,75,30916
507,8,Boeing 777,1.27,350,235,19049
508,7,CRJ Series,0.97,250,57,19954
509,4,Antonov An-24/26,1.06,350,174,37226
510,2,Douglas DC-3,0.75,300,218,34073
511,6,Boeing 727,0.71,300,165,15486
512,6,Douglas DC-3,1.15,300,215,37415
513,3,Boeing 747,1.49,300,221,28280
514,6,CRJ Series,1.17,350,85,23825
515,5,Boeing 737,0.57,300,223,33155
516,4,Boeing 737,0.72,300,215,19012
517,3,Boeing 777,1.4,350,111,18877
518,7,Boeing 727,1.48,250,160,25648
519,5,Airbus A330,1.26,300,223,30525
520,5,Airbus A330,0.81,300,98,35918
521,3,Douglas DC-3,1.13,300,70,26709
522,3,Boeing 747,1.18,300,231,25333
523,3,Boeing 777,0.89,350,236,30840
524,2,Douglas DC-3,1.21,350,211,31063
525,5,CRJ Series,1.28,350,147,22849
526,3,Antonov An-24/26,0.8,350,243,23259
527,7,Embraer E-Jet Family,1.32,250,226,25946
528,6,Boeing 737,0.51,250,178,32597
529,5,Embraer E-Jet Family,1.44,250,161,29101
530,6,Antonov An-24/26,0.99,300,107,20118
531,5,Boeing 777,1.37,300,71,33959
532,8,Douglas DC-3,1.44,300,100,29121
533,1,Boeing 747,1.06,350,185,28628
534,8,CRJ Series,1.48,350,72,28549
535,3,Embraer E-Jet Family,0.87,250,173,23123
536,8,Embraer E-Jet Family,1.13,300,102,25601
537,3,Embraer E-Jet Family,0.86,300,114,15115
538,2,Airbus A320 Family,0.99,250,241,17946
539,8,Airbus A330,1.26,300,230,16733
540,6,Embraer E-Jet Family,1.15,350,206,34319
541,1,Boeing 737,0.7,350,247,18009
542,5,Boeing 737,1.05,250,67,29638
543,2,Embraer E-Jet Family,1.23,250,115,15693
544,8,Antonov An-24/26,1.32,250,242,38200
545,7,Boeing 777,1.45,300,226,29602
546,8,Embraer E-Jet Family,0.98,250,87,28233
547,4,Boeing 747,0.86,300,94,17044
548,8,Antonov An-24/26,1.35,250,217,17048
549,7,Antonov An-24/26,0.6,350,202,24800
550,4,Boeing 747,1.49,300,153,21049
551,2,Antonov An-24/26,1.39,250,200,23042
552,8,Boeing 737,0.73,250,189,37992
553,5,Antonov An-24/26,1.23,350,87,36297
554,8,Douglas DC-3,0.87,250,143,31191
555,5,Boeing 747,1.4,250,71,38476
556,8,Boeing 727,1.49,350,183,19567
557,2,CRJ Series,1.48,250,191,31824
558,5,CRJ Series,1.04,250,92,15724
559,1,Boeing 747,1.28,350,242,27635
560,5,Embraer E-Jet Family,1.16,350,224,27459
561,3,Airbus A320 Family,1.14,250,149,28078
562,6,Boeing 737,1.46,250,193,35862
563,8,Embraer E-Jet Family,0.76,300,84,36768
564,5,Antonov An-24/26,1.04,350,191,33561
565,8,Boeing 727,1.37,350,153,29632
566,5,Airbus A320 Family,0.55,250,61,17334
567,8,Boeing 727,0.87,350,227,30664
568,5,CRJ Series,0.7,300,68,22834
569,3,Boeing 737,1.37,300,107,15346
570,6,Boeing 737,1.38,250,99,21636
571,8,Airbus A320 Family,1.2,350,203,33177
572,7,Boeing 747,0.73,350,159,19153
573,6,Boeing 777,1.32,250,234,19824
574,3,Douglas DC-3,0.65,250,186,16946
575,5,Airbus A320 Family,1.24,300,118,37616
576,8,Boeing 737,0.91,350,232,21499
577,3,Boeing 727,0.57,300,111,24781
578,5,Douglas DC-3,1.18,350,203,23081
579,5,Airbus A330,0.85,300,232,15869
580,4,Boeing 747,0.89,250,246,34942
581,4,Boeing 777,0.55,300,96,36285
582,5,Boeing 777,1.19,250,205,25445
583,5,Douglas DC-3,0.92,300,77,20159
584,6,Embraer E-Jet Family,0.71,250,154,38865
585,3,Boeing 737,1.25,300,166,22457
586,1,Boeing 737,1.12,250,228,18563
587,3,Airbus A330,1.39,300,176,18045
588,7,Airbus A320 Family,1.35,250,76,26006
589,4,Boeing 777,0.57,250,245,27380
590,1,Boeing 737,1.06,250,199,21525
591,4,Antonov An-24/26,0.92,300,91,39332
592,7,Boeing 747,0.9,300,229,19331
593,6,Boeing 777,1.32,250,58,33674
594,1,Boeing 737,1.42,300,150,27902
595,1,Antonov An-24/26,0.77,350,141,28175
596,2,Douglas DC-3,0.64,250,57,25521
597,2,Boeing 777,1.27,250,134,29108
598,5,Boeing 747,1.14,250,226,29683
599,8,Airbus A330,1.01,250,204,26613
600,3,Douglas DC-3,0.76,350,140,35542
601,4,Boeing 777,0.82,350,234,26100
602,7,Boeing 737,0.86,350,66,39112
603,6,Boeing 727,1.38,300,97,15670
604,2,Douglas DC-3,0.51,300,224,33726
605,8,Boeing 737,0.9,350,108,24949
606,5,CRJ Series,1.17,350,146,30424
607,8,Douglas DC-3,1.22,300,192,24399
608,5,Embraer E-Jet Family,0.59,350,245,23712
609,8,Embraer E-Jet Family,1.14,350,95,36077
610,2,Douglas DC-3,0.66,300,123,18989
611,7,Boeing 777,1.13,300,105,39240
612,7,Boeing 747,0.64,350,191,38514
613,5,Antonov An-24/26,1.18,250,201,37410
614,4,Boeing 737,1.44,250,168,15305
615,3,Airbus A330,0.63,350,219,17325
616,4,Airbus A330,1.27,250,66,27767
617,3,Boeing 747,1.34,300,95,30362
618,1,Boeing 747,1.3,250,217,24368
619,5,CRJ Series,1.47,350,192,24933
620,1,Embraer E-Jet Family,0.82,250,226,26271
621,3,Boeing 747,0.58,250,243,17931
622,7,Airbus A330,1.13,300,196,16053
623,3,Douglas DC-3,0.61,250,99,25763
624,2,CRJ Series,1.21,300,121,38111
625,7,Boeing 727,1.44,350,124,34573
626,2,CRJ Series,1.46,350,228,17650
627,8,Boeing 727,1.39,350,188,22803
628,3,Airbus A320 Family,1.39,250,116,19423
629,4,Antonov An-24/26,1.41,250,196,19616
630,6,Antonov An-24/26,0.85,250,206,39945
631,4,Airbus A330,0.96,250,228,39926
632,3,Embraer E-Jet Family,1.03,300,152,38168
633,7,Embraer E-Jet Family,1.15,350,85,20646
634,8,CRJ Series,1.17,250,223,25331
635,3,CRJ Series,0.6,250,236,36710
636,1,Airbus A330,0.95,350,126,16831
637,2,Antonov An-24/26,1.45,350,65,35883
638,7,Embraer E-Jet Family,0.97,250,58,16845
639,3,Douglas DC-3,1.13,350,171,37637
640,4,CRJ Series,0.64,300,76,27003
641,7,Airbus A320 Family,0.7,350,54,24095
642,1,Airbus A320 Family,1.11,250,172,15284
643,7,Boeing 747,0.85,300,64,38090
644,4,Airbus A330,1.23,250,107,19549
645,1,Boeing 737,0.76,250,228,31372
646,5,Airbus A330,0.9,300,98,29837
647,8,Boeing 777,1.1,350,230,25016
648,8,Douglas DC-3,0.96,350,73,32064
649,4,Boeing 777,1.28,350,52,22909
650,1,Airbus A320 Family,0.88,300,89,15654
651,4,Boeing 727,0.93,250,191,24723
652,2,Douglas DC-3,0.82,250,187,35296
653,4,Embraer E-Jet Family,0.92,350,116,32219
654,6,Boeing 727,1.36,250,52,26369
655,4,CRJ Series,0.54,350,133,35100
656,4,Boeing 777,1.33,300,149,16913
657,8,CRJ Series,1.42,250,124,24502
658,1,Airbus A330,0.88,300,215,35399
659,3,Airbus A330,0.83,300,101,25110
660,2,Boeing 727,0.76,350,230,19851
661,5,Antonov An-24/26,1.4,300,183,22798
662,1,Boeing 777,0.79,300,245,35966
663,5,Embraer E-Jet Family,0.96,300,182,34750
664,3,Boeing 737,1.44,350,105,19906
665,8,Airbus A320 Family,0.52,250,169,29215
666,3,Douglas DC-3,1.41,350,118,22441
667,4,Boeing 737,1.41,250,165,26018
668,5,Douglas DC-3,1.02,300,122,33117
669,3,Embraer E-Jet Family,1.27,350,142,17961
670,2,CRJ Series,0.83,300,72,15157
671,5,Airbus A330,0.94,350,249,34182
672,2,Boeing 777,1.1,300,115,28577
673,1,Airbus A330,0.74,300,210,19981
674,2,Boeing 747,1.06,250,89,15183
675,5,CRJ Series,0.71,350,143,22209
676,7,Airbus A330,1.2,300,128,25245
677,3,Douglas DC-3,0.97,350,127,26574
678,1,Antonov An-24/26,1.24,250,110,27269
679,8,Boeing 727,1.49,300,192,35369
680,8,Boeing 727,0.77,300,250,27323
681,5,Antonov An-24/26,1.16,300,207,35047
682,5,Boeing 737,1.08,350,60,38932
683,1,Douglas DC-3,1.49,350,100,25671
684,7,Antonov An-24/26,1.14,350,68,16534
685,6,CRJ Series,0.72,300,136,23317
686,7,Airbus A320 Family,0.82,350,234,30912
687,3,CRJ Series,0.63,250,80,20005
688,5,Boeing 777,1.12,300,225,15500
689,7,Boeing 737,1.25,250,208,25734
690,5,CRJ Series,0.67,350,144,36538
691,6,Antonov An-24/26,0.51,250,76,29875
692,6,Embraer E-Jet Family,0.91,350,148,33360
693,4,Embraer E-Jet Family,1.27,350,201,26783
694,3,Airbus A330,0.87,350,105,31660
695,4,Airbus A330,1.29,250,145,22516
696,3,Boeing 737,0.54,250,108,26445
697,4,Antonov An-24/26,0.59,350,146,37460
698,8,Boeing 737,0.74,300,56,39636
699,3,CRJ Series,1.05,250,97,17859
700,5,Boeing 747,1.15,250,246,26843
701,4,Douglas DC-3,0.98,250,126,34169
702,1,Boeing 737,0.73,350,210,16420
703,8,Boeing 737,1.5,300,113,36306
704,7,Boeing 737,1.09,250,122,37214
705,3,Boeing 737,1.08,350,230,27223
706,6,Airbus A320 Family,0.88,350,130,34094
707,5,Embraer E-Jet Family,1.43,350,226,18944
708,8,Boeing 727,1.15,350,71,20309
709,3,Airbus A320 Family,0.87,300,71,32446
710,7,Boeing 747,1.34,250,160,24692
711,6,Boeing 747,1.26,300,112,15908
712,6,CRJ Series,1.07,300,222,24029
713,5,Boeing 727,1.11,300,58,31594
714,4,Boeing 737,1.16,350,60,21819
715,1,Airbus A330,0.68,250,200,18971
716,6,Antonov An-24/26,0.85,300,226,19319
717,4,Embraer E-Jet Family,0.87,350,132,30974
718,8,Douglas DC-3,1.31,300,233,36200
719,7,CRJ Series,0.67,300,148,20272
720,5,Antonov An-24/26,1.33,250,148,21520
721,1,Boeing 727,1.31,300,208,18403
722,2,Airbus A320 Family,0.8,250,117,28777
723,2,Boeing 747,0.52,300,197,28152
724,6,Embraer E-Jet Family,0.53,350,60,20602
725,4,Embraer E-Jet Family,1.13,250,226,26710
726,8,Airbus A330,0.72,300,241,39539
727,3,CRJ Series,1.12,300,229,38320
728,5,Antonov An-24/26,0.52,250,153,24932
729,7,Boeing 747,1.41,300,53,37866
730,5,Airbus A320 Family,0.65,250,117,35570
731,2,Boeing 777,0.76,250,214,16462
732,6,CRJ Series,1.31,350,108,37780
733,6,Boeing 777,1.23,250,211,39584
734,7,Boeing 727,0.84,250,215,16907
735,1,Airbus A330,1.12,350,210,18932
736,5,Boeing 727,0.88,350,227,15420
737,5,Boeing 737,1.41,300,180,15556
738,8,Boeing 737,0.79,300,131,19053
739,5,Antonov An-24/26,0.96,300,65,23729
740,4,Antonov An-24/26,0.68,300,80,36372
741,6,Boeing 727,1.08,250,183,29042
742,4,Airbus A320 Family,1.14,250,57,32131
743,6,Embraer E-Jet Family,1.4,350,248,22699
744,8,Boeing 747,0.6,350,117,24288
745,8,Airbus A320 Family,1.36,350,201,19230
746,6,Embraer E-Jet Family,1.05,300,96,15632
747,3,Boeing 727,0.95,350,132,34509
748,2,Boeing 727,1.15,350,170,33965
749,7,Boeing 777,1.42,350,106,21799
750,2,CRJ Series,1.09,250,92,18861
751,7,Boeing 727,1.15,250,167,19305
752,8,Boeing 777,1.05,250,226,23054
753,7,Airbus A330,1.19,350,63,20754
754,4,Boeing 777,0.77,300,203,18136
755,8,Boeing 747,0.94,250,64,18077
756,5,Boeing 727,0.84,350,64,37815
757,1,Airbus A330,1.26,250,125,26959
758,5,Airbus A330,0.9,350,178,36444
759,7,Embraer E-Jet Family,1.09,350,239,20735
760,7,Boeing 727,0.59,350,141,31463
761,7,Embraer E-Jet Family,0.93,350,166,15775
762,6,Boeing 737,0.57,250,223,29901
763,3,CRJ Series,1.19,350,198,29680
764,6,Embraer E-Jet Family,1.4,300,141,39794
765,6,Antonov An-24/26,1.18,250,155,30293
766,3,Douglas DC-3,0.55,300,102,15134
767,2,Boeing 747,0.9,350,98,18833
768,3,CRJ Series,1.2,350,145,16629
769,1,Airbus A320 Family,1.09,250,75,15453
770,3,Boeing 747,0.57,250,232,39958
771,5,Douglas DC-3,0.55,250,64,33525
772,2,Boeing 737,0.66,250,159,28268
773,3,CRJ Series,0.53,300,133,24051
774,6,Embraer E-Jet Family,0.62,300,237,36199
775,2,Airbus A330,0.85,300,155,27637
776,8,Boeing 737,1.15,300,236,21421
777,5,Boeing 777,0.78,250,208,24058
778,1,Airbus A320 Family,0.9,300,142,19541
779,5,Boeing 777,1.42,250,125,17984
780,2,Boeing 747,1.31,350,68,38100
781,8,Embraer E-Jet Family,0.67,250,116,38799
782,8,Douglas DC-3,0.89,250,120,33814
783,3,Boeing 727,0.89,350,229,37624
784,1,Douglas DC-3,1.26,350,230,15440
785,4,Antonov An-24/26,1.25,350,74,23551
786,8,Antonov An-24/26,1.18,250,247,39946
787,7,Boeing 747,1.35,350,160,23958
788,8,Airbus A330,0.83,300,182,19050
789,6,Antonov An-24/26,1.03,300,146,15173
790,5,Airbus A320 Family,1.4,300,72,29029
791,2,Embraer E-Jet Family,0.93,250,123,29733
792,2,Boeing 747,0.57,250,172,35587
793,6,Douglas DC-3,1.4,350,82,38423
794,8,Boeing 727,0.86,300,95,16336
795,8,Airbus A330,0.62,300,238,32994
796,7,Embraer E-Jet Family,0.55,350,186,39563
797,7,Boeing 737,0.84,250,100,16239
798,4,Embraer E-Jet Family,0.77,350,60,19440
799,4,Boeing 727,0.93,250,174,21610
800,5,Douglas DC-3,1.13,250,162,21574
801,7,Embraer E-Jet Family,1.36,250,212,19441
802,8,Antonov An-24/26,0.88,250,174,24603
803,2,Douglas DC-3,0.84,250,104,35456
804,1,Boeing 727,0.88,350,58,17069
805,4,Boeing 747,0.94,250,227,27754
806,8,CRJ Series,1.06,250,239,33391
807,6,Boeing 777,0.73,250,172,31508
808,6,Boeing 737,1.29,250,86,20595
809,6,Boeing 777,1.41,300,82,26059
810,3,Boeing 747,0.91,350,172,36796
811,6,Boeing 747,1.4,350,139,21530
812,4,Boeing 747,1.06,250,103,33955
813,1,Boeing 747,0.79,350,177,39005
814,4,Boeing 777,1.46,350,102,23767
815,1,Boeing 777,0.51,300,68,26666
816,1,Boeing 777,0.88,250,214,26689
817,5,Boeing 777,1.14,300,216,17503
818,7,Douglas DC-3,1.39,300,164,32052
819,5,Boeing 737,1.12,300,177,29795
820,8,Boeing 737,1.36,350,242,31952
821,4,Boeing 747,0.67,350,129,35331
822,2,Boeing 727,1.42,350,171,15547
823,1,Airbus A330,0.84,250,178,23136
824,8,Douglas DC-3,0.53,300,77,21191
825,6,Boeing 727,1.01,300,54,39382
826,7,Douglas DC-3,1.15,300,66,36413
827,6,Boeing 777,1.44,300,121,22427
828,1,Boeing 747,1.12,350,89,22700
829,3,Boeing 747,0.52,250,171,26675
830,1,Douglas DC-3,1.33,250,127,18229
831,2,CRJ Series,0.89,300,105,16795
832,3,Airbus A320 Family,1.42,250,232,26224
833,8,Antonov An-24/26,0.96,300,94,27553
834,6,CRJ Series,1.14,350,136,34144
835,4,Airbus A330,1.2,250,112,31162
836,7,Boeing 727,0.84,350,83,31182
837,3,Airbus A330,0.63,250,197,36953
838,4,Embraer E-Jet Family,0.98,300,140,38731
839,6,Boeing 737,1.4,250,58,37106
840,5,Boeing 747,0.61,300,109,37846
841,2,Airbus A330,1.42,250,174,16457
842,7,Boeing 727,0.66,300,129,38584
843,2,Douglas DC-3,0.93,300,77,17967
844,8,Boeing 737,1.45,300,74,19694
845,8,Boeing 747,0.63,300,58,36034
846,1,Boeing 777,1.18,350,85,26826
847,7,CRJ Series,0.79,350,78,21794
848,8,Airbus A320 Family,0.71,300,54,38115
849,4,Boeing 737,0.76,250,68,17673
850,8,Douglas DC-3,0.85,350,231,22919
851,1,Boeing 737,0.6,350,89,32398
852,8,Boeing 747,1.33,250,79,26346
853,3,Boeing 727,1.42,250,241,38023
854,1,Embraer E-Jet Family,1.1,250,94,37076
855,7,Embraer E-Jet Family,1,250,67,33024
856,8,Airbus A330,0.57,250,148,23002
857,1,Boeing 727,1.09,350,202,28977
858,8,Embraer E-Jet Family,0.79,300,181,27774
859,5,Douglas DC-3,1.12,250,193,38227
860,3,Boeing 777,1.34,350,102,20977
861,1,Douglas DC-3,1.42,300,54,25315
862,7,Airbus A320 Family,0.6,250,71,34396
863,2,Embraer E-Jet Family,0.95,300,207,23962
864,5,Antonov An-24/26,1.12,250,192,39255
865,2,Airbus A330,0.99,350,63,24309
866,5,CRJ Series,0.74,250,235,38291
867,4,CRJ Series,0.98,250,134,15164
868,7,Douglas DC-3,0.68,250,68,21706
869,5,Antonov An-24/26,0.63,250,171,17151
870,3,Boeing 737,1.29,250,137,23759
871,1,Douglas DC-3,1.11,350,210,37588
872,7,Boeing 747,0.64,300,225,32581
873,2,Airbus A320 Family,1.4,300,52,37165
874,6,CRJ Series,1.26,300,220,20128
875,3,Boeing 737,1.13,250,67,31619
876,7,Boeing 727,1.3,300,113,35470
877,8,Antonov An-24/26,0.69,300,149,16488
878,2,Douglas DC-3,1.38,300,239,38694
879,3,Embraer E-Jet Family,0.94,350,186,25792
880,6,Boeing 747,1.5,300,59,39656
881,1,CRJ Series,1.35,300,177,21548
882,7,Airbus A320 Family,1.33,350,171,38252
883,3,Airbus A320 Family,1.27,250,158,21535
884,5,Airbus A320 Family,1.11,300,232,15601
885,7,Airbus A330,1.4,350,59,21954
886,2,Embraer E-Jet Family,1.05,250,134,21675
887,6,Embraer E-Jet Family,0.58,300,216,15647
888,1,Embraer E-Jet Family,1.01,300,116,34495
889,8,Douglas DC-3,1.33,350,100,17069
890,4,Airbus A330,0.58,300,186,17263
891,2,Douglas DC-3,1.37,250,121,15217
892,4,Boeing 727,1.22,350,213,16757
893,2,CRJ Series,0.69,350,56,32490
894,8,CRJ Series,0.57,300,204,17494
895,3,Airbus A320 Family,1.26,300,53,31036
896,4,Boeing 747,0.91,300,227,23546
897,1,CRJ Series,0.7,250,90,19994
898,1,Airbus A320 Family,1.26,300,94,35174
899,4,Boeing 737,1.11,350,121,15087
900,2,Boeing 727,1.11,300,243,24217
901,1,CRJ Series,0.68,300,63,32141
902,4,CRJ Series,0.73,250,182,16635
903,8,Airbus A330,1.19,300,116,24686
904,4,Antonov An-24/26,0.62,250,133,15218
905,5,Airbus A330,0.88,350,51,15434
906,2,Airbus A320 Family,0.61,250,133,17709
907,6,CRJ Series,1.29,300,163,29352
908,7,Embraer E-Jet Family,0.86,250,138,29600
909,2,Douglas DC-3,0.86,300,237,34003
910,4,CRJ Series,0.58,300,110,21863
911,5,Airbus A330,1.05,350,52,34347
912,8,Embraer E-Jet Family,1.2,250,179,33641
913,6,Boeing 747,1.02,350,144,28025
914,3,Embraer E-Jet Family,1.06,300,120,37011
915,7,Boeing 777,1.3,250,148,18400
916,1,Boeing 747,1.3,350,64,22107
917,5,Douglas DC-3,0.52,300,123,36741
918,7,Airbus A320 Family,1.36,350,126,16031
919,3,Airbus A320 Family,1.23,350,185,39584
920,3,Airbus A320 Family,1.34,250,134,36667
921,1,Boeing 777,1.16,250,126,36485
922,4,Airbus A330,1.17,300,101,19361
923,6,CRJ Series,1.03,350,83,27629
924,7,CRJ Series,0.67,300,148,33165
925,3,Boeing 727,0.52,250,188,33500
926,7,Boeing 737,1.08,350,184,31492
927,5,Boeing 737,0.56,300,161,26876
928,1,Boeing 777,0.5,350,83,17990
929,1,CRJ Series,0.64,300,227,34488
930,6,CRJ Series,1.03,350,100,24893
931,5,Embraer E-Jet Family,0.77,250,157,37090
932,2,Boeing 727,1.08,300,56,30300
933,7,Antonov An-24/26,1.09,300,50,30488
934,7,Douglas DC-3,1.28,350,216,22566
935,5,Antonov An-24/26,1.26,300,166,34791
936,2,Douglas DC-3,0.76,350,99,36742
937,5,Antonov An-24/26,0.66,350,98,15932
938,2,Airbus A330,1.13,300,91,18738
939,4,Antonov An-24/26,0.73,350,228,17580
940,4,Boeing 737,0.95,350,112,25110
941,2,Antonov An-24/26,0.68,300,208,36863
942,6,Boeing 747,1.45,300,116,34095
943,6,Embraer E-Jet Family,0.56,350,179,30473
944,6,Embraer E-Jet Family,0.61,300,222,27078
945,8,CRJ Series,1.2,350,190,20838
946,5,Airbus A330,1.45,350,89,16303
947,5,Airbus A320 Family,1.08,250,240,28050
948,8,Embraer E-Jet Family,1.3,300,141,21974
949,7,Douglas DC-3,0.68,300,207,27227
950,2,Boeing 737,1.41,250,113,16200
951,3,Embraer E-Jet Family,0.91,300,160,23347
952,6,Boeing 747,0.56,250,108,31860
953,5,Antonov An-24/26,1.04,350,98,19313
954,5,Boeing 747,0.77,300,141,36977
955,1,Boeing 777,0.78,250,158,30752
956,4,CRJ Series,0.74,300,157,24540
957,8,Airbus A330,1.18,350,63,37275
958,7,Antonov An-24/26,1.14,250,194,27819
959,4,Antonov An-24/26,1.15,250,229,23042
960,5,Airbus A330,0.85,250,217,24155
961,5,CRJ Series,1.48,250,165,15279
962,2,Douglas DC-3,1.07,350,126,35617
963,2,Douglas DC-3,1.12,350,126,33656
964,7,Airbus A320 Family,0.95,350,140,33478
965,7,Douglas DC-3,1.46,250,116,30360
966,6,Boeing 777,0.74,250,223,35178
967,7,Airbus A330,0.73,300,165,23544
968,6,CRJ Series,0.56,250,156,26323
969,5,Antonov An-24/26,0.87,250,244,17850
970,5,Airbus A320 Family,0.59,250,56,15795
971,1,Boeing 747,0.97,300,136,32838
972,6,CRJ Series,0.86,350,105,18877
973,3,CRJ Series,1,350,239,19917
974,2,Boeing 777,0.89,350,51,15237
975,4,CRJ Series,0.65,250,178,22635
976,6,Embraer E-Jet Family,0.83,300,93,33521
977,5,Antonov An-24/26,1.42,250,68,17292
978,8,Boeing 727,1.28,350,150,29227
979,8,Boeing 727,0.79,250,175,30336
980,2,Boeing 747,0.54,350,184,34811
981,3,Boeing 727,0.56,250,84,30534
982,1,Boeing 747,0.7,300,61,37233
983,5,Embraer E-Jet Family,1.02,300,59,28120
984,8,Boeing 777,0.94,350,88,17714
985,1,Antonov An-24/26,1.37,300,135,33831
986,3,Airbus A320 Family,1.23,250,63,28875
987,5,Boeing 737,1.4,350,245,18392
988,3,Antonov An-24/26,0.76,350,213,25574
989,8,Boeing 777,0.55,300,240,24477
990,2,Douglas DC-3,1.15,250,160,34968
991,6,Airbus A320 Family,0.93,350,211,27643
992,1,Airbus A320 Family,0.57,350,89,39145
993,2,Boeing 747,1.34,300,134,28709
994,5,Douglas DC-3,0.77,250,150,33620
995,7,Boeing 727,1.08,300,161,27759
996,1,Airbus A330,1.13,300,74,15145
997,5,Boeing 737,1.35,350,211,26795
998,7,Boeing 777,1.19,350,81,32297
999,2,Antonov An-24/26,1.18,300,130,29334
1000,1,Antonov An-24/26,0.87,250,81,24604
1001,1,Airbus A320 Family,1.46,1150,557,50357
1002,3,Antonov An-24/26,1.27,1250,487,28203
1003,3,Antonov An-24/26,0.73,1050,797,54960
1004,3,Airbus A330,0.61,1300,973,40451
1005,2,Boeing 727,1.01,1050,920,41888
1006,1,Douglas DC-3,1.01,1150,899,39024
1007,3,CRJ Series,0.91,1200,938,28408
1008,5,Embraer E-Jet Family,1.06,1000,577,50876
1009,5,Boeing 777,1.09,1050,809,58110
1010,7,Boeing 777,1.18,1000,633,32374
1011,2,Boeing 747,0.84,1200,529,26576
1012,4,Boeing 737,1.37,1000,815,58915
1013,7,Airbus A320 Family,0.96,1000,608,32316
1014,6,Boeing 737,1.11,1250,972,31371
1015,1,Boeing 737,0.55,1300,532,47291
1016,6,Antonov An-24/26,1.14,1250,995,36352
1017,1,Boeing 727,1.26,1100,680,54237
1018,1,CRJ Series,0.89,1050,760,54167
1019,6,Airbus A330,0.56,1200,816,47018
1020,3,Boeing 747,0.95,1150,644,35157
1021,8,Embraer E-Jet Family,0.73,1150,765,30631
1022,4,Boeing 747,1.17,1250,663,50655
1023,8,Airbus A320 Family,1.42,1100,761,48164
1024,3,Boeing 727,1.07,1100,888,35922
1025,6,CRJ Series,1.47,1050,787,31842
1026,4,Boeing 737,0.99,1250,788,41620
1027,6,Boeing 777,1.2,1300,970,48305
1028,2,Airbus A330,1.41,1100,986,27093
1029,8,Antonov An-24/26,0.9,1200,955,27289
1030,8,Embraer E-Jet Family,0.98,1000,930,50047
1031,2,Airbus A320 Family,0.81,1100,933,29026
1032,3,Antonov An-24/26,1.18,1300,716,46118
1033,3,Boeing 737,0.52,1300,817,38953
1034,5,Embraer E-Jet Family,1.1,1200,469,49559
1035,6,Douglas DC-3,1.38,1300,458,58059
1036,7,Boeing 737,1.21,1100,814,35375
1037,4,Boeing 747,1.28,1250,669,51924
1038,4,Boeing 777,1.2,1150,680,37635
1039,3,Boeing 737,1.36,1000,618,35599
1040,8,Antonov An-24/26,1.16,1000,877,37642
1041,3,Douglas DC-3,1.1,1200,644,50907
1042,1,Boeing 737,0.57,1300,617,26153
1043,4,Boeing 747,1.13,1050,938,52830
1044,3,Antonov An-24/26,1.1,1250,909,45088
1045,1,Antonov An-24/26,1.13,1150,835,44934
1046,7,Douglas DC-3,0.66,1050,589,30807
1047,1,Boeing 777,0.72,1000,827,51997
1048,6,CRJ Series,0.6,1300,444,48121
1049,4,Boeing 777,0.53,1050,555,27236
1050,3,Embraer E-Jet Family,0.71,1250,940,26377
1051,4,Airbus A320 Family,1.02,1200,875,48835
1052,5,Boeing 737,1,1150,773,42216
1053,1,Airbus A330,1.06,1000,573,35441
1054,8,Boeing 727,1.06,1200,714,41575
1055,1,Boeing 777,0.96,1150,546,26266
1056,8,Boeing 747,0.96,1000,655,44902
1057,8,Boeing 777,1.43,1250,641,55287
1058,1,Embraer E-Jet Family,0.7,1300,678,57205
1059,5,Embraer E-Jet Family,0.74,1100,856,39943
1060,2,Embraer E-Jet Family,0.92,1250,911,44959
1061,6,Boeing 727,0.94,1200,734,41120
1062,6,Boeing 737,0.75,1050,816,50544
1063,6,Douglas DC-3,0.7,1100,816,29821
1064,3,Airbus A320 Family,0.64,1000,785,27924
1065,2,Embraer E-Jet Family,0.65,1050,514,54707
1066,5,Boeing 747,0.59,1000,724,59878
1067,8,Boeing 747,0.93,1250,779,37877
1068,5,Boeing 777,0.91,1200,548,32231
1069,5,Airbus A330,0.87,1200,880,53086
1070,6,Airbus A330,0.67,1050,700,53875
1071,1,Douglas DC-3,1.12,1300,668,46349
1072,7,Boeing 747,0.62,1050,720,25393
1073,2,Boeing 747,0.92,1150,764,31548
1074,1,Boeing 737,0.53,1050,458,30450
1075,3,Douglas DC-3,0.86,1150,770,40261
1076,5,Airbus A320 Family,0.98,1050,761,57748
1077,8,Boeing 777,0.6,1150,483,58147
1078,5,Boeing 727,0.74,1150,947,58144
1079,2,Boeing 737,1.42,1100,532,27624
1080,6,Boeing 777,0.55,1050,539,40989
1081,2,Boeing 747,1.01,1100,753,34727
1082,7,Airbus A330,1.16,1150,573,45010
1083,1,Antonov An-24/26,0.78,1300,662,27713
1084,4,Boeing 737,0.52,1250,481,57797
1085,8,Airbus A320 Family,0.62,1000,656,42671
1086,8,CRJ Series,0.59,1250,606,32777
1087,2,Antonov An-24/26,0.55,1200,939,34447
1088,2,Douglas DC-3,0.52,1100,849,54723
1089,2,Douglas DC-3,1.3,1000,712,51625
1090,6,Embraer E-Jet Family,1.04,1000,526,36185
1091,6,Airbus A320 Family,1.38,1100,901,39351
1092,5,Boeing 737,0.76,1300,894,45205
1093,2,Boeing 777,1.18,1250,548,37540
1094,8,Boeing 747,0.63,1200,997,32209
1095,5,Embraer E-Jet Family,1.35,1000,861,26599
1096,5,Airbus A330,1,1050,767,49883
1097,5,Antonov An-24/26,1.3,1050,561,34630
1098,4,CRJ Series,0.89,1200,493,44577
1099,1,Boeing 727,1.06,1100,640,29981
1100,2,Boeing 777,0.75,1300,454,44572
1101,8,Boeing 747,1.44,1250,802,42956
1102,2,Airbus A320 Family,0.69,1250,559,48854
1103,1,Embraer E-Jet Family,1.02,1250,939,55606
1104,1,Boeing 777,0.54,1150,581,46474
1105,7,CRJ Series,1.21,1250,734,33290
1106,2,Boeing 777,1.16,1150,880,32729
1107,7,Boeing 777,0.72,1200,620,58600
1108,6,Douglas DC-3,0.52,1000,988,35547
1109,7,Boeing 727,1.47,1200,825,33770
1110,5,Boeing 747,1.08,1250,759,40265
1111,5,Embraer E-Jet Family,0.9,1200,897,57445
1112,8,Boeing 727,0.89,1100,595,44863
1113,2,Boeing 727,1.33,1150,758,40896
1114,1,Douglas DC-3,1.27,1050,924,31435
1115,5,Boeing 777,0.71,1000,780,32620
1116,5,Airbus A320 Family,0.72,1050,716,58726
1117,7,Douglas DC-3,0.73,1250,581,28251
1118,7,Airbus A320 Family,1.27,1100,693,38074
1119,4,Boeing 747,1.17,1000,453,57081
1120,1,Boeing 737,0.6,1150,741,51977
1121,7,CRJ Series,1.01,1050,892,25527
1122,6,Airbus A330,0.99,1050,732,29459
1123,8,Airbus A320 Family,1.41,1250,690,38098
1124,4,Airbus A330,1.29,1150,732,33747
1125,4,Airbus A320 Family,0.7,1150,733,30733
1126,7,Airbus A330,0.63,1100,815,52865
1127,4,Airbus A330,1.32,1200,472,28525
1128,6,Boeing 747,1.32,1050,835,27422
1129,5,Boeing 737,0.61,1250,831,44180
1130,7,Boeing 777,1.1,1100,501,26862
1131,6,Boeing 777,1.1,1050,576,37811
1132,5,Boeing 747,0.89,1150,657,59276
1133,6,Boeing 727,1.23,1250,796,27613
1134,6,Airbus A320 Family,0.52,1000,778,53725
1135,6,Douglas DC-3,0.77,1150,969,43688
1136,5,Antonov An-24/26,0.83,1200,774,46507
1137,3,Airbus A320 Family,0.61,1250,727,55563
1138,6,Boeing 747,1.3,1150,920,31908
1139,4,Boeing 747,1.37,1150,734,30522
1140,7,Boeing 737,0.72,1000,992,43562
1141,6,Embraer E-Jet Family,0.89,1300,899,45839
1142,1,Boeing 737,0.65,1250,665,38283
1143,2,Boeing 727,0.72,1150,833,42139
1144,6,Boeing 777,0.63,1100,993,29173
1145,4,Embraer E-Jet Family,1.3,1250,558,36446
1146,6,Boeing 737,1.28,1100,953,35060
1147,1,Antonov An-24/26,0.77,1050,997,39898
1148,8,Airbus A330,0.89,1300,776,49662
1149,1,Airbus A330,0.8,1000,633,50566
1150,2,Boeing 737,0.76,1250,524,39576
1151,8,Airbus A320 Family,0.84,1250,515,52265
1152,8,Airbus A320 Family,0.84,1300,608,55429
1153,6,CRJ Series,1.39,1250,516,40926
1154,5,Boeing 747,1.43,1300,821,59560
1155,7,Embraer E-Jet Family,1.31,1150,460,48613
1156,7,Embraer E-Jet Family,1.4,1200,487,25515
1157,4,Boeing 777,1.35,1050,516,32674
1158,3,Embraer E-Jet Family,1.36,1200,477,33130
1159,7,Boeing 727,1.39,1300,983,28457
1160,6,Boeing 737,0.8,1300,657,39227
1161,5,Airbus A330,0.61,1000,656,50139
1162,7,Boeing 747,0.64,1100,797,47265
1163,4,Boeing 727,0.87,1300,987,33347
1164,3,Boeing 747,1.28,1200,896,53787
1165,2,Antonov An-24/26,1.32,1150,982,58759
1166,5,Airbus A330,1.48,1100,835,48022
1167,1,Boeing 747,0.64,1150,934,59073
1168,6,Airbus A330,1.06,1050,447,33566
1169,3,Airbus A330,0.87,1100,875,34642
1170,1,CRJ Series,1.23,1300,941,53211
1171,8,Airbus A320 Family,1.08,1000,896,57743
1172,4,Airbus A320 Family,0.87,1050,681,52836
1173,8,Airbus A320 Family,0.51,1000,911,42756
1174,8,Douglas DC-3,1.28,1050,735,36514
1175,2,Boeing 777,1.37,1100,961,40984
1176,5,Airbus A330,1.29,1050,563,55373
1177,8,Airbus A320 Family,0.51,1050,918,39641
1178,5,Airbus A330,0.8,1250,518,38486
1179,1,Boeing 777,1.25,1050,479,48411
1180,5,Boeing 747,1.49,1250,486,58219
1181,1,Douglas DC-3,1.25,1050,845,42951
1182,6,Boeing 727,1.39,1100,960,32418
1183,4,Boeing 777,0.64,1000,734,47452
1184,1,Boeing 727,1.01,1100,706,44586
1185,5,Embraer E-Jet Family,1.07,1250,900,27314
1186,7,Airbus A330,1.34,1150,606,56421
1187,5,Boeing 747,0.51,1150,508,39106
1188,8,Airbus A320 Family,1.42,1150,696,51289
1189,5,Boeing 747,0.83,1050,870,29093
1190,7,Embraer E-Jet Family,1.18,1250,508,42413
1191,2,Airbus A330,0.76,1000,919,41124
1192,5,Airbus A330,1.14,1100,492,37532
1193,5,Douglas DC-3,1.1,1000,841,54745
1194,4,Boeing 777,1.28,1250,554,37117
1195,2,Douglas DC-3,0.63,1300,630,54891
1196,2,Boeing 747,0.69,1150,575,27971
1197,2,Boeing 727,0.87,1000,574,32332
1198,4,Airbus A330,0.71,1300,841,52479
1199,8,Airbus A320 Family,1.39,1200,668,53116
1200,7,Douglas DC-3,1.19,1150,473,55443
1201,3,Airbus A320 Family,1.03,1250,698,31580
1202,7,Embraer E-Jet Family,0.78,1250,883,32345
1203,1,Airbus A320 Family,1.15,1050,850,54351
1204,5,Boeing 727,1.02,1200,702,57763
1205,6,Boeing 747,0.67,1050,998,49528
1206,8,Boeing 777,1.16,1100,494,49972
1207,1,Douglas DC-3,0.77,1150,719,57358
1208,5,Embraer E-Jet Family,0.59,1100,655,58971
1209,5,Airbus A320 Family,0.69,1000,617,59557
1210,4,Boeing 777,1.43,1150,638,42728
1211,5,Airbus A330,0.66,1000,934,39971
1212,1,Boeing 727,0.67,1000,725,43243
1213,6,CRJ Series,0.92,1250,496,33469
1214,7,Antonov An-24/26,0.63,1150,709,40784
1215,4,Antonov An-24/26,1.06,1050,683,42059
1216,3,Airbus A330,1.26,1200,456,31136
1217,4,CRJ Series,1.18,1150,885,59400
1218,7,Airbus A330,0.99,1050,496,27559
1219,6,Boeing 727,1.25,1050,559,41509
1220,2,CRJ Series,1.14,1200,802,31849
1221,4,Douglas DC-3,1.01,1300,995,31760
1222,2,Embraer E-Jet Family,1.44,1100,647,49336
1223,8,Douglas DC-3,0.88,1300,500,41588
1224,3,Airbus A320 Family,1.2,1050,652,27770
1225,7,Airbus A330,0.53,1250,526,44106
1226,7,Boeing 777,1.05,1050,795,33401
1227,6,Airbus A320 Family,1.32,1000,920,46209
1228,7,Embraer E-Jet Family,1.35,1200,692,30801
1229,1,Antonov An-24/26,1.47,1300,858,49325
1230,8,Boeing 737,0.89,1150,626,56849
1231,5,Antonov An-24/26,0.62,1200,764,48684
1232,5,CRJ Series,1.17,1100,576,32039
1233,1,Antonov An-24/26,1.18,1000,976,44454
1234,1,Airbus A320 Family,0.62,1100,683,54746
1235,5,Boeing 777,1.46,1150,785,52193
1236,6,Airbus A330,1.28,1300,577,43092
1237,4,Embraer E-Jet Family,1.09,1100,540,43559
1238,8,Boeing 727,0.8,1200,970,49921
1239,6,Boeing 777,1.45,1250,853,54326
1240,2,Airbus A320 Family,0.55,1250,577,26971
1241,2,Antonov An-24/26,1.44,1150,484,39728
1242,3,Embraer E-Jet Family,0.65,1150,580,57692
1243,6,Boeing 777,1.14,1000,951,49333
1244,1,Airbus A330,0.92,1100,921,37574
1245,3,Boeing 727,0.76,1100,861,50330
1246,2,Boeing 777,0.59,1050,576,42882
1247,3,Boeing 727,1.36,1050,502,30872
1248,4,Boeing 777,1.47,1000,484,42914
1249,6,Airbus A320 Family,0.92,1050,634,57516
1250,3,Embraer E-Jet Family,1.46,1200,736,28924
1251,1,Boeing 737,1.27,1100,751,32436
1252,2,Boeing 727,1.41,1300,699,52965
1253,5,Embraer E-Jet Family,0.78,1200,917,54828
1254,4,Douglas DC-3,1.3,1100,737,42425
1255,8,Antonov An-24/26,1.18,1200,720,59509
1256,2,Airbus A330,1,1050,559,34592
1257,8,Boeing 727,0.75,1150,660,37191
1258,1,Embraer E-Jet Family,1.02,1250,849,46495
1259,3,Boeing 727,0.66,1300,598,52059
1260,7,Antonov An-24/26,1.48,1300,845,49233
1261,7,Boeing 747,1.01,1250,739,54434
1262,3,Douglas DC-3,1.44,1000,450,30128
1263,6,Boeing 777,1.4,1200,700,43802
1264,3,Airbus A320 Family,1.37,1100,617,31063
1265,3,Embraer E-Jet Family,0.61,1300,983,34036
1266,4,CRJ Series,1.04,1000,944,50188
1267,2,Boeing 727,1.29,1300,444,37178
1268,6,Airbus A320 Family,1.34,1050,989,46384
1269,5,Boeing 737,0.77,1100,889,36915
1270,5,Boeing 777,1.46,1250,906,40386
1271,8,Boeing 747,1.23,1250,915,51545
1272,8,Antonov An-24/26,0.76,1300,751,52506
1273,7,Boeing 777,0.95,1150,669,43924
1274,7,CRJ Series,1.18,1300,473,55194
1275,1,Airbus A330,0.72,1000,760,50268
1276,3,Boeing 777,1.01,1150,574,32845
1277,1,Antonov An-24/26,1.43,1050,486,38219
1278,7,Antonov An-24/26,1.34,1050,905,57912
1279,5,Boeing 777,1.17,1300,657,25611
1280,4,Boeing 737,0.66,1100,597,37987
1281,3,Boeing 727,1.14,1050,612,35740
1282,3,Airbus A330,0.83,1150,930,40908
1283,3,Boeing 737,1.28,1100,745,43919
1284,4,Douglas DC-3,0.94,1150,698,50533
1285,7,Antonov An-24/26,0.84,1200,912,54482
1286,7,Airbus A330,0.78,1100,695,32313
1287,1,Boeing 747,0.66,1100,805,57046
1288,7,Boeing 727,0.54,1250,523,57751
1289,3,Boeing 727,1.16,1250,559,45766
1290,1,Airbus A320 Family,1.2,1050,498,56087
1291,5,Airbus A330,1.49,1200,675,30711
1292,7,Boeing 777,1.3,1150,993,48405
1293,2,Airbus A320 Family,0.82,1250,445,36842
1294,5,Boeing 737,1.15,1250,972,55125
1295,5,Boeing 737,0.72,1300,745,45516
1296,5,Boeing 747,0.58,1200,685,34077
1297,2,Boeing 777,1.22,1200,577,26735
1298,2,Douglas DC-3,0.9,1150,933,54692
1299,4,Boeing 737,0.54,1100,826,48123
1300,6,Douglas DC-3,0.84,1000,724,42144
1301,5,Boeing 737,1.15,1000,951,47650
1302,3,Airbus A320 Family,0.54,1150,970,50984
1303,4,Boeing 777,1.03,1250,875,45481
1304,1,Airbus A320 Family,0.79,1000,609,30760
1305,2,Embraer E-Jet Family,1.21,1100,732,35191
1306,4,Boeing 727,0.8,1250,826,56196
1307,3,Douglas DC-3,1.27,1100,511,29302
1308,4,Antonov An-24/26,1.37,1300,564,45903
1309,5,Boeing 727,1.31,1250,916,41516
1310,6,Boeing 777,1,1300,585,50312
1311,5,Boeing 737,0.93,1200,711,49281
1312,8,Embraer E-Jet Family,0.55,1000,612,54486
1313,5,Embraer E-Jet Family,1.01,1050,808,37429
1314,7,Embraer E-Jet Family,0.97,1050,965,28557
1315,4,Boeing 737,1.02,1300,863,35340
1316,6,Douglas DC-3,1.27,1100,659,42116
1317,7,Boeing 737,0.94,1250,786,54163
1318,5,CRJ Series,0.74,1300,461,43384
1319,4,Boeing 747,0.56,1200,956,26811
1320,4,Boeing 727,0.52,1300,709,30078
1321,1,Boeing 777,0.57,1100,894,56595
1322,3,Boeing 727,1.22,1100,907,45819
1323,7,Boeing 777,0.82,1000,799,35205
1324,3,Boeing 737,1.05,1150,701,43613
1325,7,Boeing 777,1.23,1300,623,57675
1326,7,Antonov An-24/26,0.77,1150,545,53640
1327,5,Embraer E-Jet Family,0.84,1300,480,26438
1328,8,Antonov An-24/26,1.02,1000,639,33135
1329,4,Boeing 727,0.98,1100,819,40848
1330,4,CRJ Series,0.63,1250,780,53402
1331,3,Airbus A330,0.78,1050,641,49754
1332,7,Airbus A320 Family,0.73,1050,700,52475
1333,2,Airbus A320 Family,0.55,1250,699,38580
1334,8,Airbus A320 Family,1.18,1250,510,57042
1335,5,CRJ Series,1.27,1250,876,43105
1336,6,Airbus A320 Family,1.14,1150,616,46769
1337,1,CRJ Series,1.33,1150,795,59232
1338,6,Boeing 737,0.91,1050,457,50575
1339,7,Boeing 747,1.38,1100,704,54940
1340,1,Douglas DC-3,0.95,1250,920,39776
1341,2,Airbus A320 Family,0.83,1200,638,43673
1342,8,Antonov An-24/26,1.14,1100,817,38837
1343,4,Antonov An-24/26,1.13,1200,556,30245
1344,1,CRJ Series,1.22,1050,665,40577
1345,8,CRJ Series,0.51,1000,821,56832
1346,4,Douglas DC-3,1.47,1300,884,58333
1347,6,Boeing 727,1.17,1000,446,47485
1348,6,Embraer E-Jet Family,0.5,1150,734,59509
1349,3,Antonov An-24/26,1.19,1200,961,54271
1350,3,Antonov An-24/26,0.59,1300,460,47081
1351,3,Antonov An-24/26,0.77,1200,620,25894
1352,4,Boeing 777,0.99,1050,773,28663
1353,3,Airbus A330,1.36,1000,656,56598
1354,4,Boeing 777,1.49,1200,957,58787
1355,4,CRJ Series,1.45,1150,665,36605
1356,2,CRJ Series,1.33,1150,734,32782
1357,6,CRJ Series,0.82,1250,761,45160
1358,5,Boeing 777,1.18,1000,790,47377
1359,7,Boeing 747,0.82,1300,960,28779
1360,5,Airbus A320 Family,0.58,1100,738,31877
1361,6,Airbus A330,0.91,1250,554,50400
1362,7,CRJ Series,1.42,1150,618,43673
1363,1,Boeing 727,0.71,1100,648,36935
1364,5,Boeing 737,0.77,1050,856,33663
1365,2,Boeing 777,1.43,1150,665,44055
1366,8,Airbus A330,0.67,1250,918,31905
1367,5,Douglas DC-3,0.6,1100,762,28463
1368,3,Embraer E-Jet Family,0.77,1300,665,50227
1369,8,Embraer E-Jet Family,0.76,1200,701,25601
1370,7,Boeing 747,0.69,1100,797,46831
1371,1,Embraer E-Jet Family,0.58,1250,578,26272
1372,8,CRJ Series,0.68,1250,511,28951
1373,7,Douglas DC-3,0.84,1100,831,41402
1374,7,Boeing 737,1.14,1100,711,54799
1375,1,Boeing 727,0.72,1200,789,58842
1376,2,Boeing 777,1.02,1050,875,56816
1377,8,Boeing 747,1.38,1200,447,52707
1378,2,Boeing 777,0.61,1200,738,45471
1379,7,CRJ Series,1.12,1300,449,38143
1380,2,Antonov An-24/26,0.59,1150,862,35210
1381,8,Douglas DC-3,0.74,1250,736,43543
1382,1,Boeing 747,1.11,1100,716,39220
1383,8,Boeing 777,0.73,1200,727,39770
1384,2,CRJ Series,0.95,1250,906,40861
1385,2,CRJ Series,0.75,1300,999,31386
1386,2,Embraer E-Jet Family,0.95,1000,814,54089
1387,6,Airbus A320 Family,0.78,1250,898,55251
1388,7,Boeing 727,0.84,1050,554,38165
1389,4,Airbus A330,1.3,1200,761,30138
1390,7,Antonov An-24/26,0.52,1150,756,58559
1391,4,Embraer E-Jet Family,1.33,1300,448,42672
1392,2,CRJ Series,0.61,1100,562,51830
1393,4,Boeing 737,0.51,1050,804,26262
1394,1,Airbus A320 Family,0.69,1250,681,52235
1395,1,Douglas DC-3,0.78,1150,851,26886
1396,5,Boeing 777,0.91,1050,456,40213
1397,8,Embraer E-Jet Family,1.1,1050,941,25077
1398,2,Boeing 737,0.92,1200,683,56340
1399,1,Boeing 777,1.23,1050,638,26567
1400,2,Douglas DC-3,0.51,1250,626,33653
1401,1,Boeing 727,0.78,1050,782,44300
1402,8,Antonov An-24/26,1.25,1200,944,42335
1403,3,Douglas DC-3,1.5,1050,925,59066
1404,8,Boeing 747,0.53,1250,846,43584
1405,8,Airbus A330,1.01,1100,939,55778
1406,8,Airbus A330,0.56,1200,643,37288
1407,6,CRJ Series,1.09,1050,778,57932
1408,1,Boeing 777,0.81,1100,585,55335
1409,1,Douglas DC-3,1.47,1200,700,54582
1410,6,Embraer E-Jet Family,1.1,1250,676,45991
1411,1,Boeing 777,1.49,1150,981,48168
1412,2,Boeing 747,0.95,1150,662,26912
1413,7,CRJ Series,0.72,1050,952,58114
1414,4,Douglas DC-3,0.65,1150,635,48565
1415,1,Douglas DC-3,1.03,1050,978,54854
1416,5,Antonov An-24/26,0.94,1150,905,40551
1417,1,Boeing 777,1.19,1000,683,29669
1418,2,Boeing 727,0.67,1200,571,52372
1419,6,Douglas DC-3,1.05,1100,722,48577
1420,2,Douglas DC-3,1.46,1150,638,40132
1421,4,Antonov An-24/26,0.69,1150,752,58475
1422,3,Boeing 727,0.9,1150,685,56290
1423,2,Boeing 777,0.77,1250,584,58694
1424,2,Embraer E-Jet Family,1.36,1200,592,28014
1425,3,Airbus A320 Family,0.95,1050,782,55493
1426,3,Airbus A320 Family,0.81,1300,682,53688
1427,4,Boeing 777,1.21,1250,854,54535
1428,2,Boeing 777,1.2,1050,525,26141
1429,7,Douglas DC-3,0.69,1000,922,47892
1430,3,Boeing 737,1,1250,796,32791
1431,7,Airbus A330,0.71,1100,815,59669
1432,8,Boeing 747,0.84,1250,845,25768
1433,7,Boeing 727,0.53,1150,922,48394
1434,4,Antonov An-24/26,0.95,1000,482,51602
1435,4,Antonov An-24/26,0.88,1000,663,25336
1436,3,Boeing 777,1.12,1250,803,54294
1437,4,Antonov An-24/26,1.03,1200,678,58380
1438,3,Airbus A330,1.04,1300,532,44515
1439,5,Boeing 727,1.2,1200,908,48999
1440,3,Douglas DC-3,1.01,1000,977,47960
1441,2,Boeing 727,0.79,1000,521,51449
1442,3,CRJ Series,1.2,1250,884,53166
1443,1,Boeing 777,1.47,1100,717,36744
1444,2,Embraer E-Jet Family,0.61,1200,495,32110
1445,1,Boeing 747,0.55,1200,667,27956
1446,4,Embraer E-Jet Family,1.09,1100,511,26803
1447,4,Boeing 737,1.4,1050,793,53271
1448,1,Airbus A320 Family,0.75,1000,912,30264
1449,5,Airbus A320 Family,0.55,1300,854,45508
1450,5,CRJ Series,1.21,1150,940,47574
1451,2,Boeing 727,1.19,1200,756,41474
1452,4,CRJ Series,0.61,1100,791,48116
1453,8,Antonov An-24/26,1.19,1250,824,42068
1454,8,Antonov An-24/26,1.12,1150,464,27687
1455,6,Boeing 727,0.82,1200,632,58009
1456,1,Embraer E-Jet Family,1.21,1200,929,51575
1457,1,Airbus A330,0.59,1150,995,28055
1458,3,Antonov An-24/26,1.42,1000,824,29972
1459,5,Antonov An-24/26,0.71,1150,829,38252
1460,7,Boeing 747,0.67,1200,765,51367
1461,5,CRJ Series,1.06,1100,458,58202
1462,1,Boeing 727,0.79,1050,567,48458
1463,6,Boeing 727,1.35,1250,861,27797
1464,7,Boeing 747,1.3,1300,499,34978
1465,6,Antonov An-24/26,1,1000,546,57872
1466,4,Boeing 737,0.93,1150,976,58827
1467,1,Boeing 747,1.2,1050,878,37220
1468,2,CRJ Series,0.83,1050,944,29823
1469,7,Embraer E-Jet Family,1.28,1150,701,41114
1470,6,Airbus A330,0.55,1150,453,29837
1471,7,Boeing 777,0.59,1200,533,51423
1472,2,Embraer E-Jet Family,1.17,1100,614,53565
1473,1,Airbus A330,0.71,1000,902,38084
1474,2,Boeing 777,1.19,1100,783,31957
1475,8,Airbus A320 Family,0.59,1000,900,27372
1476,7,Boeing 727,1.37,1000,759,49205
1477,4,Douglas DC-3,1.08,1200,977,45941
1478,1,Boeing 727,0.85,1200,517,44435
1479,6,Antonov An-24/26,0.68,1250,991,52249
1480,7,Boeing 727,1.05,1200,663,29193
1481,7,CRJ Series,0.78,1150,619,58535
1482,3,Antonov An-24/26,1.47,1050,509,47125
1483,5,Airbus A320 Family,1.1,1250,821,53697
1484,4,Boeing 747,1.27,1000,786,27435
1485,5,CRJ Series,1.29,1250,577,32956
1486,7,Boeing 727,1.48,1150,755,29191
1487,2,Airbus A330,1.13,1150,781,54551
1488,1,Antonov An-24/26,1.2,1200,648,40721
1489,1,Embraer E-Jet Family,1.44,1300,456,37510
1490,8,Boeing 727,1.14,1300,556,47996
1491,7,Antonov An-24/26,0.76,1000,563,40006
1492,3,Boeing 777,1.18,1200,786,34956
1493,2,Boeing 737,0.57,1250,696,55240
1494,4,Airbus A330,1.41,1100,781,49350
1495,4,Boeing 747,0.97,1200,832,33633
1496,3,Boeing 727,0.83,1000,522,56330
1497,8,Embraer E-Jet Family,1.15,1000,869,59535
1498,2,Boeing 737,1.18,1100,830,29394
1499,1,Boeing 727,0.95,1050,608,25630
1500,2,Boeing 747,1.16,1100,524,34595
1501,8,Boeing 747,1.43,1000,677,55996
1502,1,Airbus A320 Family,1.05,1200,510,46763
1503,3,Boeing 747,1.44,1000,963,50733
1504,2,Douglas DC-3,1.38,1100,546,34493
1505,5,Embraer E-Jet Family,1.03,1000,705,39937
1506,8,Douglas DC-3,0.87,1200,822,34312
1507,6,Airbus A330,0.9,1000,468,47481
1508,7,Embraer E-Jet Family,0.69,1300,747,25268
1509,4,CRJ Series,0.99,1050,578,42882
1510,5,Embraer E-Jet Family,1.29,1300,648,44713
1511,2,Airbus A320 Family,0.55,1050,610,26347
1512,2,CRJ Series,0.79,1150,908,40949
1513,2,Douglas DC-3,1.4,1050,499,45644
1514,7,Antonov An-24/26,0.7,1300,760,37277
1515,2,CRJ Series,0.85,1250,508,52408
1516,8,Airbus A320 Family,0.62,1200,814,32681
1517,8,Antonov An-24/26,0.86,1250,872,51821
1518,8,Embraer E-Jet Family,1.09,1000,452,58245
1519,4,Airbus A330,1.05,1150,656,31524
1520,7,Boeing 777,0.99,1050,889,25458
1521,1,Airbus A320 Family,1.07,1200,482,26764
1522,5,Airbus A330,0.66,1150,990,50214
1523,2,Boeing 777,1.18,1300,924,26037
1524,5,Boeing 747,0.68,1300,979,38527
1525,7,Airbus A330,0.56,1100,869,47927
1526,2,Embraer E-Jet Family,1.24,1000,654,55336
1527,1,Boeing 777,0.57,1200,720,59030
1528,8,Embraer E-Jet Family,0.57,1100,590,40486
1529,8,Antonov An-24/26,0.84,1300,631,48206
1530,6,Boeing 747,0.99,1300,761,53107
1531,7,Boeing 737,0.58,1050,853,59390
1532,2,Boeing 737,1.26,1250,785,29180
1533,3,Douglas DC-3,0.62,1150,883,59094
1534,7,Boeing 737,1.37,1300,523,57795
1535,5,Boeing 737,1.31,1100,553,54423
1536,3,Antonov An-24/26,1.13,1300,500,47293
1537,6,Boeing 727,0.7,1100,960,33246
1538,3,Boeing 727,0.94,1250,722,30540
1539,1,Boeing 747,1.38,1200,741,29417
1540,4,Boeing 747,1.05,1150,483,51714
1541,8,Embraer E-Jet Family,1.01,1050,746,59194
1542,5,Boeing 747,1.42,1100,783,44276
1543,3,Embraer E-Jet Family,0.96,1100,722,36005
1544,1,Boeing 727,0.61,1250,836,31235
1545,5,Airbus A330,1.32,1000,658,59446
1546,7,Boeing 737,1.14,1300,506,59311
1547,3,Embraer E-Jet Family,0.61,1000,879,27438
1548,8,Antonov An-24/26,0.52,1050,642,54670
1549,7,Boeing 747,0.52,1050,911,49777
1550,7,Boeing 777,1.17,1150,681,42877
1551,2,Antonov An-24/26,1.23,1050,960,25785
1552,1,CRJ Series,1.25,1000,591,30179
1553,7,Embraer E-Jet Family,1.16,1250,549,49226
1554,2,Antonov An-24/26,1.02,1200,768,26759
1555,8,Boeing 747,0.54,1050,836,28616
1556,5,Antonov An-24/26,0.77,1150,891,34864
1557,7,Boeing 737,1.08,1050,565,41465
1558,5,Douglas DC-3,1.09,1050,970,50167
1559,2,Boeing 747,1.41,1100,659,45020
1560,5,Boeing 737,1.42,1300,602,30677
1561,7,Antonov An-24/26,0.76,1200,746,56705
1562,7,Airbus A320 Family,1.14,1200,928,49619
1563,1,Boeing 777,0.87,1200,685,25303
1564,7,Antonov An-24/26,1.34,1200,942,28556
1565,2,Boeing 777,0.62,1250,560,37781
1566,3,Boeing 737,0.87,1100,451,49645
1567,8,Douglas DC-3,0.94,1200,574,26640
1568,5,Antonov An-24/26,0.59,1100,483,35460
1569,3,Boeing 737,0.97,1050,448,36292
1570,6,Airbus A330,0.74,1250,625,34359
1571,3,Embraer E-Jet Family,1,1150,899,33920
1572,7,Douglas DC-3,1.37,1100,961,27895
1573,5,Airbus A330,0.75,1150,637,39302
1574,5,Boeing 737,1.38,1150,658,37264
1575,8,Boeing 777,1.04,1200,714,43931
1576,2,Boeing 727,0.96,1250,615,26402
1577,6,Embraer E-Jet Family,1.03,1100,694,27178
1578,5,Boeing 737,1.48,1150,526,53479
1579,3,Embraer E-Jet Family,0.6,1150,881,53668
1580,6,CRJ Series,0.96,1000,820,36816
1581,7,Antonov An-24/26,1.17,1250,540,27587
1582,1,Boeing 747,1.01,1250,757,44063
1583,2,Boeing 777,0.79,1250,954,35750
1584,1,Boeing 777,0.8,1100,452,44294
1585,8,Antonov An-24/26,0.73,1250,614,50649
1586,8,Airbus A320 Family,0.7,1000,764,27308
1587,3,CRJ Series,1.48,1000,578,46584
1588,3,Boeing 747,0.82,1250,735,59503
1589,4,Boeing 747,1.2,1200,885,28174
1590,3,Boeing 777,1.31,1000,622,51918
1591,6,Airbus A330,0.73,1300,1000,52356
1592,4,Boeing 737,1.36,1100,474,29806
1593,5,Boeing 747,0.61,1200,951,50096
1594,5,Antonov An-24/26,0.79,1150,639,55402
1595,5,Airbus A320 Family,0.72,1150,911,40615
1596,5,Airbus A330,1.01,1100,926,47866
1597,1,Airbus A330,0.86,1250,910,59031
1598,1,Embraer E-Jet Family,1.27,1250,865,38498
1599,3,Antonov An-24/26,1,1050,793,35470
1600,1,Boeing 737,0.87,1050,694,41765
1601,1,Douglas DC-3,1.21,1050,776,51640
1602,4,Embraer E-Jet Family,1.03,1250,496,25466
1603,6,Boeing 737,0.66,1000,923,50914
1604,4,Douglas DC-3,0.87,1300,720,44243
1605,1,Airbus A330,1.44,1000,468,37632
1606,2,Boeing 777,1.01,1150,461,41745
1607,7,CRJ Series,1.25,1000,529,30964
1608,3,Douglas DC-3,1.33,1200,804,31968
1609,8,Boeing 747,1.46,1150,516,51422
1610,6,CRJ Series,1.05,1150,729,59651
1611,7,Airbus A330,1.22,1100,927,27464
1612,3,Airbus A320 Family,0.56,1300,602,31289
1613,3,Embraer E-Jet Family,1.17,1200,927,46581
1614,3,Antonov An-24/26,0.87,1250,796,56409
1615,3,Embraer E-Jet Family,0.65,1200,928,41307
1616,1,Boeing 737,1.33,1150,979,38482
1617,6,CRJ Series,1.46,1150,609,43750
1618,4,Boeing 737,0.97,1000,789,49533
1619,2,Douglas DC-3,0.65,1300,694,52425
1620,8,CRJ Series,1.27,1050,636,29684
1621,1,Airbus A330,0.97,1200,788,28527
1622,6,Boeing 727,1.32,1300,503,31082
1623,3,CRJ Series,1.03,1250,790,48580
1624,3,Airbus A330,1.13,1250,973,50885
1625,3,Boeing 727,1.29,1250,916,25094
1626,5,Boeing 747,0.56,1100,560,43704
1627,3,Antonov An-24/26,1.44,1100,780,27771
1628,6,CRJ Series,1.44,1250,515,27260
1629,6,CRJ Series,1.46,1300,490,41343
1630,8,Boeing 747,1.18,1300,596,29565
1631,5,Embraer E-Jet Family,0.99,1300,964,39217
1632,5,Boeing 777,0.65,1150,613,59066
1633,7,Boeing 737,1.25,1100,751,32800
1634,5,Airbus A320 Family,0.51,1200,948,25887
1635,8,Douglas DC-3,1.02,1200,493,54583
1636,2,Boeing 727,0.51,1150,637,57150
1637,7,Airbus A320 Family,0.91,1050,869,30915
1638,7,Embraer E-Jet Family,1.48,1050,984,49951
1639,5,Antonov An-24/26,1.27,1250,709,34496
1640,2,Airbus A320 Family,1.1,1150,449,45589
1641,5,Airbus A330,1.2,1200,591,33703
1642,3,CRJ Series,0.72,1250,733,30401
1643,6,Embraer E-Jet Family,0.87,1050,692,26657
1644,3,Boeing 727,1.49,1250,981,28167
1645,8,Boeing 737,1.11,1200,798,59168
1646,8,Antonov An-24/26,0.75,1000,779,43853
1647,8,CRJ Series,0.74,1250,805,42725
1648,5,Airbus A320 Family,1.36,1300,490,46050
1649,5,CRJ Series,1.11,1200,989,34167
1650,4,Airbus A320 Family,1.2,1250,832,54729
1651,4,Embraer E-Jet Family,0.54,1100,535,40974
1652,8,Boeing 737,0.76,1200,653,32088
1653,3,Antonov An-24/26,0.89,1050,574,29351
1654,4,Boeing 777,1.26,1250,998,39578
1655,8,Embraer E-Jet Family,0.62,1150,933,47740
1656,3,Boeing 777,0.71,1150,827,38459
1657,1,Boeing 747,1.05,1300,468,41819
1658,8,CRJ Series,1.12,1150,806,30071
1659,7,CRJ Series,1.46,1300,560,27211
1660,4,Embraer E-Jet Family,1.3,1000,787,53425
1661,4,Douglas DC-3,1.39,1100,931,33488
1662,8,Boeing 737,0.83,1100,847,29348
1663,6,Boeing 777,0.73,1200,936,42561
1664,6,Boeing 727,0.69,1200,822,30882
1665,7,Boeing 747,1.04,1300,547,37977
1666,7,Embraer E-Jet Family,1.14,1050,636,34350
1667,8,Boeing 727,1.07,1100,711,30249
1668,3,CRJ Series,1.06,1300,560,54739
1669,3,Airbus A320 Family,1.05,1150,591,53643
1670,6,Boeing 737,0.81,1300,886,29091
1671,6,Boeing 777,1.32,1300,562,43974
1672,4,Boeing 777,1.33,1150,524,35776
1673,8,Boeing 737,1.2,1300,526,55866
1674,3,Boeing 747,1.23,1100,713,30191
1675,8,Embraer E-Jet Family,0.85,1250,735,29091
1676,2,Boeing 737,0.76,1000,682,47781
1677,3,Boeing 727,1.1,1200,934,45396
1678,2,Boeing 747,0.63,1150,614,56101
1679,3,Boeing 727,0.9,1250,446,29871
1680,1,CRJ Series,1.02,1150,972,55477
1681,5,CRJ Series,1.1,1150,445,35368
1682,8,Airbus A330,1.18,1300,982,55802
1683,2,Airbus A330,1.34,1000,504,59898
1684,3,CRJ Series,1.14,1050,935,32066
1685,8,CRJ Series,1.27,1000,661,38440
1686,2,Airbus A330,1.15,1250,756,58422
1687,4,Boeing 737,0.9,1300,936,32911
1688,7,Embraer E-Jet Family,0.5,1100,557,58554
1689,6,Airbus A330,0.54,1150,589,47572
1690,7,Boeing 727,0.8,1250,775,29189
1691,5,Douglas DC-3,1.16,1100,738,44088
1692,7,Airbus A330,1.16,1300,983,54802
1693,5,Airbus A330,0.75,1050,830,33346
1694,3,Antonov An-24/26,1.04,1300,538,38712
1695,7,Boeing 747,0.93,1100,704,34745
1696,8,Boeing 737,1.06,1100,776,58246
1697,6,Boeing 747,0.88,1200,850,32326
1698,7,Boeing 747,1,1000,816,32628
1699,8,CRJ Series,0.84,1000,750,47062
1700,4,Douglas DC-3,0.64,1100,658,46027
1701,1,Douglas DC-3,0.61,1200,816,30962
1702,7,Airbus A320 Family,0.9,1100,960,48679
1703,7,Douglas DC-3,1.16,1250,530,54177
1704,6,Antonov An-24/26,1.4,1150,914,30081
1705,6,Airbus A320 Family,0.81,1050,815,48069
1706,5,Boeing 727,1.01,1300,547,59283
1707,3,Boeing 737,0.88,1150,531,35151
1708,1,Airbus A330,1.07,1300,633,53361
1709,6,Airbus A320 Family,0.56,1250,932,47691
1710,6,Airbus A330,0.95,1100,774,27317
1711,3,Airbus A330,0.93,1150,908,37143
1712,6,Boeing 777,0.56,1250,823,31735
1713,4,Boeing 737,1.4,1100,778,54717
1714,8,Boeing 777,1.36,1300,778,40791
1715,3,CRJ Series,0.63,1250,905,54232
1716,4,Embraer E-Jet Family,1.3,1050,721,29435
1717,3,Douglas DC-3,0.8,1250,660,58205
1718,3,Embraer E-Jet Family,1,1150,884,52060
1719,1,Airbus A320 Family,0.92,1150,918,36008
1720,6,Airbus A320 Family,1.17,1150,560,30206
1721,4,CRJ Series,1.05,1050,599,35808
1722,2,Boeing 777,1.36,1200,781,55475
1723,2,Embraer E-Jet Family,0.74,1200,734,26729
1724,6,Boeing 747,1.31,1100,689,37218
1725,1,Airbus A330,0.81,1100,572,36904
1726,3,Embraer E-Jet Family,1.37,1100,1000,29291
1727,6,Antonov An-24/26,1.15,1050,726,47895
1728,1,Boeing 737,0.94,1200,894,48983
1729,8,Antonov An-24/26,1.06,1000,592,56555
1730,1,Boeing 737,1.41,1200,544,30214
1731,5,Douglas DC-3,1.35,1000,641,40723
1732,6,Boeing 747,0.62,1000,736,29543
1733,8,Boeing 737,1.5,1100,850,53632
1734,6,Antonov An-24/26,0.66,1100,966,49617
1735,3,Airbus A320 Family,1.32,1250,840,53228
1736,2,Boeing 737,0.51,1100,779,56775
1737,4,Boeing 777,1.15,1050,618,33528
1738,8,Antonov An-24/26,0.83,1050,599,25605
1739,2,Douglas DC-3,0.52,1200,459,34175
1740,4,Boeing 777,1.03,1150,791,52644
1741,1,CRJ Series,1.27,1250,692,50665
1742,3,Boeing 777,1.1,1150,979,36322
1743,4,Boeing 727,1.35,1000,643,49097
1744,8,Antonov An-24/26,1.48,1250,733,58687
1745,8,Boeing 747,0.97,1250,516,46777
1746,6,CRJ Series,0.81,1250,718,33302
1747,3,Antonov An-24/26,1.29,1000,716,32381
1748,2,CRJ Series,1.34,1000,700,58969
1749,1,Airbus A320 Family,0.87,1000,540,32994
1750,2,Antonov An-24/26,0.86,1300,539,42302
1751,1,CRJ Series,1.11,1200,698,46593
1752,2,Boeing 747,1.12,1050,480,54851
1753,6,Boeing 747,0.76,1300,556,42468
1754,4,Boeing 737,0.64,1050,784,35459
1755,5,Antonov An-24/26,0.55,1000,566,38279
1756,1,Airbus A330,1.14,1050,904,40468
1757,2,Airbus A330,0.81,1200,754,25420
1758,7,Airbus A330,1.23,1150,674,43259
1759,6,Douglas DC-3,1.5,1300,1000,45605
1760,8,CRJ Series,1.44,1150,592,53459
1761,4,Airbus A330,1.49,1250,980,53918
1762,6,Boeing 747,1.13,1000,489,46222
1763,6,CRJ Series,1.48,1050,868,45959
1764,1,Boeing 727,0.94,1000,813,30788
1765,5,Boeing 737,1.21,1050,928,34266
1766,1,Airbus A320 Family,0.54,1100,718,47845
1767,1,Embraer E-Jet Family,0.98,1250,963,56775
1768,4,Embraer E-Jet Family,1.32,1100,932,37413
1769,1,Boeing 727,1.25,1000,946,41739
1770,2,Embraer E-Jet Family,1.23,1000,469,30688
1771,8,Airbus A330,0.73,1150,837,50439
1772,3,Boeing 737,0.69,1300,446,36412
1773,3,Airbus A330,1.14,1200,739,44184
1774,1,Douglas DC-3,1.28,1150,958,43053
1775,4,Airbus A330,1.18,1200,718,32838
1776,6,Airbus A330,0.78,1050,817,52035
1777,8,Boeing 747,0.64,1200,481,25274
1778,5,Boeing 747,0.62,1300,858,25847
1779,2,Boeing 737,0.7,1200,505,58067
1780,7,Boeing 777,0.53,1150,933,57435
1781,8,Boeing 747,1.31,1000,581,42139
1782,8,CRJ Series,0.78,1000,744,38282
1783,3,Douglas DC-3,0.86,1050,622,54409
1784,1,Boeing 777,1.01,1150,757,58285
1785,1,Airbus A330,1.48,1000,986,43011
1786,1,Airbus A320 Family,0.86,1000,487,50056
1787,4,Airbus A330,0.83,1100,874,25053
1788,1,CRJ Series,1.3,1100,956,31527
1789,3,Douglas DC-3,1.35,1000,531,43091
1790,5,Boeing 727,1.29,1200,772,44219
1791,2,Embraer E-Jet Family,0.51,1250,594,26131
1792,5,Douglas DC-3,0.56,1300,485,42827
1793,3,Airbus A320 Family,0.83,1300,992,27007
1794,6,Embraer E-Jet Family,0.71,1000,718,39561
1795,5,CRJ Series,1.35,1150,759,37174
1796,5,Boeing 777,0.83,1250,520,37538
1797,1,CRJ Series,1.42,1050,808,46962
1798,3,Antonov An-24/26,0.82,1200,947,29852
1799,3,Airbus A320 Family,1.25,1250,492,31858
1800,5,Airbus A330,0.81,1000,480,31010
1801,2,Antonov An-24/26,1.29,1200,802,58340
1802,3,Boeing 777,0.93,1100,868,45115
1803,8,Boeing 777,1.19,1100,785,39354
1804,4,CRJ Series,0.86,1050,665,47234
1805,3,Boeing 737,1.11,1200,862,40586
1806,8,Antonov An-24/26,0.95,1300,724,37275
1807,4,Boeing 747,1.48,1150,658,32764
1808,1,Antonov An-24/26,1.04,1300,808,47527
1809,5,Douglas DC-3,1,1050,486,57879
1810,1,Boeing 777,0.98,1200,889,38813
1811,8,Airbus A320 Family,1.21,1250,858,58685
1812,7,Antonov An-24/26,1.11,1300,817,50327
1813,7,Embraer E-Jet Family,0.92,1200,978,43720
1814,6,Airbus A320 Family,1.41,1300,510,52470
1815,5,Airbus A320 Family,0.9,1300,719,43253
1816,4,Boeing 727,0.91,1150,814,55848
1817,8,Boeing 727,0.51,1150,823,36149
1818,6,Antonov An-24/26,0.82,1250,864,47892
1819,3,Douglas DC-3,1.36,1000,855,43492
1820,7,Boeing 777,0.64,1250,750,53994
1821,7,Boeing 747,0.51,1250,889,52997
1822,3,Boeing 737,0.73,1250,521,36085
1823,6,Airbus A320 Family,0.76,1100,841,53842
1824,1,Boeing 737,0.71,1000,771,31118
1825,1,Boeing 777,1.03,1250,669,30666
1826,8,Embraer E-Jet Family,1.14,1250,490,27819
1827,6,Douglas DC-3,1.4,1250,797,48311
1828,5,Embraer E-Jet Family,0.75,1200,523,43648
1829,8,Boeing 747,0.66,1100,822,49047
1830,4,Boeing 727,0.87,1050,822,37556
1831,1,Boeing 777,1.23,1300,631,56434
1832,1,CRJ Series,1.39,1050,606,37648
1833,8,Boeing 737,0.86,1200,961,53537
1834,7,Boeing 777,1.44,1000,836,27672
1835,7,CRJ Series,1.19,1300,762,45640
1836,8,Airbus A330,0.93,1100,819,59846
1837,3,Douglas DC-3,1.09,1000,555,34468
1838,8,Boeing 747,1.23,1200,821,47467
1839,4,CRJ Series,0.97,1100,870,59158
1840,2,Boeing 777,1.43,1300,632,32963
1841,2,Antonov An-24/26,0.91,1000,984,35049
1842,4,Airbus A320 Family,0.67,1100,873,47790
1843,5,Boeing 777,1.2,1100,994,37636
1844,1,Airbus A330,0.98,1050,776,50823
1845,5,Embraer E-Jet Family,1.44,1000,907,45687
1846,1,CRJ Series,1.39,1050,557,29984
1847,1,Boeing 747,1.37,1000,577,26933
1848,6,Embraer E-Jet Family,0.52,1300,480,30731
1849,2,CRJ Series,0.61,1250,708,55807
1850,1,Airbus A330,1.17,1000,749,31762
1851,1,Douglas DC-3,1.39,1200,559,48588
1852,6,Douglas DC-3,0.9,1150,832,56399
1853,5,Airbus A320 Family,0.97,1150,953,28282
1854,8,Boeing 747,0.58,1050,905,40563
1855,4,Embraer E-Jet Family,1.4,1050,741,39934
1856,7,Boeing 777,0.84,1050,600,54648
1857,3,CRJ Series,1.43,1150,608,51375
1858,1,Douglas DC-3,0.91,1100,655,42040
1859,7,Boeing 747,0.54,1150,459,31406
1860,2,Embraer E-Jet Family,0.99,1200,831,49102
1861,2,Embraer E-Jet Family,0.9,1200,736,41314
1862,6,Airbus A330,0.6,1300,507,51506
1863,5,CRJ Series,1.49,1050,447,40753
1864,6,Boeing 747,1.33,1100,903,28889
1865,8,Airbus A320 Family,0.59,1050,959,47368
1866,2,Boeing 747,1.45,1100,913,54520
1867,6,CRJ Series,0.77,1000,741,37063
1868,3,Airbus A330,1.06,1150,673,32841
1869,2,Douglas DC-3,0.86,1100,680,26904
1870,8,Boeing 737,1.4,1050,685,31266
1871,4,Boeing 727,1.45,1050,834,30449
1872,6,Boeing 747,1.11,1050,803,48629
1873,1,Boeing 727,1.37,1250,461,45813
1874,5,Boeing 737,0.81,1100,734,41510
1875,4,Boeing 747,0.62,1000,498,52262
1876,6,Antonov An-24/26,1.47,1050,806,30522
1877,1,CRJ Series,0.68,1200,784,45273
1878,2,Boeing 747,1.23,1200,547,50438
1879,4,Airbus A320 Family,0.52,1000,476,38948
1880,3,Boeing 737,0.85,1050,566,43071
1881,2,Airbus A320 Family,0.63,1300,802,32702
1882,2,Boeing 737,1.24,1250,617,37577
1883,2,Douglas DC-3,0.62,1150,511,26862
1884,7,Boeing 777,1.39,1200,656,28655
1885,3,CRJ Series,0.6,1000,909,49889
1886,7,Embraer E-Jet Family,1.26,1250,565,35275
1887,7,CRJ Series,0.82,1050,870,53023
1888,7,Boeing 777,0.78,1150,890,55918
1889,2,Douglas DC-3,0.64,1250,750,54154
1890,6,CRJ Series,0.6,1250,887,52909
1891,3,Embraer E-Jet Family,0.88,1150,507,47238
1892,4,Boeing 737,0.65,1100,870,49319
1893,7,Douglas DC-3,0.57,1150,559,40093
1894,5,Boeing 737,1.42,1200,738,41658
1895,4,Airbus A320 Family,1.14,1250,580,36338
1896,5,Boeing 747,1.09,1100,910,39195
1897,6,Boeing 737,0.63,1250,946,43210
1898,1,Antonov An-24/26,0.56,1200,994,25167
1899,3,Boeing 737,0.89,1150,773,52329
1900,5,Airbus A320 Family,1.16,1300,895,27664
1901,6,Antonov An-24/26,1.09,1200,713,42990
1902,4,Airbus A320 Family,0.63,1100,457,29382
1903,8,Boeing 727,0.75,1000,822,35586
1904,1,Douglas DC-3,1.06,1050,897,31050
1905,5,Airbus A320 Family,0.95,1100,815,39445
1906,2,Douglas DC-3,1.41,1250,544,57308
1907,7,Airbus A320 Family,0.64,1150,696,28284
1908,1,Boeing 727,1.06,1200,940,53207
1909,7,Boeing 777,0.67,1250,689,57056
1910,6,Boeing 777,0.66,1200,450,33361
1911,2,Airbus A320 Family,0.59,1300,667,48203
1912,1,Boeing 777,0.57,1150,552,28878
1913,5,Douglas DC-3,0.62,1300,785,27579
1914,4,Embraer E-Jet Family,1.21,1100,981,31597
1915,7,Antonov An-24/26,0.77,1300,578,53310
1916,6,Boeing 737,1.2,1050,552,45175
1917,2,Embraer E-Jet Family,1.22,1200,685,51025
1918,6,Boeing 747,1.24,1100,806,31725
1919,2,Airbus A320 Family,1.27,1250,483,58802
1920,3,Embraer E-Jet Family,1.15,1250,620,26985
1921,4,Embraer E-Jet Family,0.51,1050,766,29716
1922,7,Embraer E-Jet Family,1.37,1100,915,36154
1923,2,Boeing 737,0.59,1050,989,36892
1924,2,Boeing 737,0.79,1150,457,47053
1925,1,Douglas DC-3,1.26,1100,788,46138
1926,3,Douglas DC-3,1.23,1200,626,58043
1927,5,Boeing 747,1.11,1000,891,46117
1928,2,Embraer E-Jet Family,0.55,1100,892,59524
1929,4,Boeing 737,1.37,1050,657,34777
1930,8,Boeing 777,1,1250,762,51486
1931,8,Boeing 747,0.8,1250,973,57187
1932,1,Boeing 727,0.64,1150,943,30435
1933,6,Antonov An-24/26,1.13,1100,725,51293
1934,3,Antonov An-24/26,1.14,1050,720,56115
1935,6,Antonov An-24/26,1.23,1250,714,43832
1936,1,Embraer E-Jet Family,1.17,1050,547,51935
1937,8,Boeing 777,1.04,1000,717,41436
1938,8,Embraer E-Jet Family,0.85,1200,624,56919
1939,4,Airbus A320 Family,0.72,1200,934,58427
1940,1,Boeing 727,1.35,1300,874,57325
1941,1,CRJ Series,0.55,1200,669,47275
1942,7,Boeing 777,0.65,1200,775,58671
1943,4,CRJ Series,1.46,1050,810,53375
1944,8,Airbus A330,0.72,1250,887,49334
1945,3,CRJ Series,1.44,1300,849,43054
1946,6,Embraer E-Jet Family,1.24,1000,988,45698
1947,1,Antonov An-24/26,1.28,1300,478,31401
1948,8,Boeing 777,1.15,1000,782,55480
1949,2,Airbus A330,1.26,1250,485,47405
1950,4,Airbus A320 Family,1.16,1050,736,58994
1951,6,CRJ Series,1.08,1000,891,50901
1952,8,Douglas DC-3,1.22,1000,604,25932
1953,7,Antonov An-24/26,1.35,1050,896,57990
1954,2,Boeing 747,0.92,1250,612,41058
1955,5,CRJ Series,1.45,1100,566,25792
1956,8,Embraer E-Jet Family,0.72,1200,990,30516
1957,4,Boeing 727,1.06,1250,977,43147
1958,3,Antonov An-24/26,0.84,1050,1000,38032
1959,7,Embraer E-Jet Family,0.58,1050,677,40794
1960,3,Boeing 777,1.03,1250,461,42188
1961,7,CRJ Series,0.56,1050,446,44632
1962,7,Boeing 727,0.71,1000,815,47940
1963,6,Boeing 777,0.78,1150,965,34892
1964,7,Embraer E-Jet Family,0.51,1250,695,41969
1965,1,Boeing 747,0.78,1300,866,38099
1966,1,Airbus A320 Family,0.52,1200,984,51058
1967,2,Boeing 727,0.66,1300,482,37700
1968,2,Boeing 747,0.99,1050,823,28439
1969,2,Airbus A320 Family,0.74,1050,921,39406
1970,1,Boeing 747,0.63,1000,476,59982
1971,6,Boeing 777,1.49,1200,697,45042
1972,4,Boeing 737,1.45,1250,756,30239
1973,8,Douglas DC-3,0.69,1200,760,52689
1974,8,Airbus A330,0.84,1000,995,43283
1975,8,Douglas DC-3,1.07,1200,635,44638
1976,5,Boeing 737,1.29,1000,771,33428
1977,1,Airbus A320 Family,0.9,1200,561,41215
1978,1,Airbus A330,1.33,1300,702,41596
1979,7,Airbus A330,1.29,1150,669,33391
1980,7,Douglas DC-3,1.3,1000,757,32403
1981,5,Embraer E-Jet Family,0.61,1300,662,31647
1982,2,Boeing 747,1.28,1150,598,53311
1983,1,Embraer E-Jet Family,1.49,1200,949,51224
1984,6,Airbus A330,0.9,1300,991,33882
1985,7,Airbus A320 Family,0.59,1050,951,40882
1986,8,Embraer E-Jet Family,1.49,1100,617,40721
1987,2,Airbus A330,1.21,1200,622,40011
1988,3,Boeing 777,0.6,1100,662,49422
1989,5,Airbus A330,1.49,1300,933,42754
1990,5,Embraer E-Jet Family,0.55,1000,689,42569
1991,4,Embraer E-Jet Family,1.1,1150,535,38029
1992,8,Airbus A330,1.06,1300,524,25073
1993,4,Embraer E-Jet Family,0.79,1150,709,29849
1994,7,Embraer E-Jet Family,1.16,1000,697,57380
1995,8,Boeing 777,1.11,1200,776,51993
1996,6,Boeing 727,1.11,1050,839,25344
1997,3,Douglas DC-3,1.23,1200,690,29537
1998,4,Antonov An-24/26,1.22,1050,614,50440
1999,1,Airbus A320 Family,0.86,1300,880,35260
2000,2,Antonov An-24/26,0.54,1000,862,37918